<?xml version="1.0" encoding="UTF-8"?>
<databaseChangeLog xmlns="http://www.liquibase.org/xml/ns/dbchangelog/1.9" xmlns:xsi="http://www.w3.org/2001/XMLSchema-instance" xsi:schemaLocation="http://www.liquibase.org/xml/ns/dbchangelog/1.9 http://www.liquibase.org/xml/ns/dbchangelog/dbchangelog-1.9.xsd">
	<changeSet author="jmiranda" failOnError="false" id="1321565252310-69"><dropIndex tableName="category" indexName="FK302BCFE619A2EF8"/></changeSet>
	<changeSet author="jmiranda" failOnError="false" id="1321565252310-70"><dropIndex tableName="comment" indexName="FK38A5EE5FAF1302EB"/></changeSet>
	<changeSet author="jmiranda" failOnError="false" id="1321565252310-71"><dropIndex tableName="comment" indexName="FK38A5EE5FF885F087"/></changeSet>
	<changeSet author="jmiranda" failOnError="false" id="1321565252310-72"><dropIndex tableName="container" indexName="FKE7814C8117A6E251"/></changeSet>
	<changeSet author="jmiranda" failOnError="false" id="1321565252310-73"><dropIndex tableName="container" indexName="FKE7814C813B5F6286"/></changeSet>
	<changeSet author="jmiranda" failOnError="false" id="1321565252310-74"><dropIndex tableName="container" indexName="FKE7814C8144979D51"/></changeSet>
	<changeSet author="jmiranda" failOnError="false" id="1321565252310-75"><dropIndex tableName="container" indexName="FKE7814C814B6A2E03"/></changeSet>
	<changeSet author="jmiranda" failOnError="false" id="1321565252310-76"><dropIndex tableName="document" indexName="FK335CD11B6631D8CC"/></changeSet>
	<changeSet author="jmiranda" failOnError="false" id="1321565252310-77"><dropIndex tableName="event" indexName="FK5C6729A3D970DB4"/></changeSet>
	<changeSet author="jmiranda" failOnError="false" id="1321565252310-78"><dropIndex tableName="event" indexName="FK5C6729A4415A5B0"/></changeSet>
	<changeSet author="jmiranda" failOnError="false" id="1321565252310-79"><dropIndex tableName="inventory_item" indexName="FKFE019416DED5FAE7"/></changeSet>
	<changeSet author="jmiranda" failOnError="false" id="1321565252310-80"><dropIndex tableName="inventory_level" indexName="FKC254A2E172A2C5B4"/></changeSet>
	<changeSet author="jmiranda" failOnError="false" id="1321565252310-81"><dropIndex tableName="local_transfer" indexName="FK7975323F4CC49445"/></changeSet>
	<changeSet author="jmiranda" failOnError="false" id="1321565252310-82"><dropIndex tableName="local_transfer" indexName="FK7975323F57563498"/></changeSet>
	<changeSet author="jmiranda" failOnError="false" id="1321565252310-83"><dropIndex tableName="local_transfer" indexName="fk_local_transfer_destination_transaction_transaction"/></changeSet>
	<changeSet author="jmiranda" failOnError="false" id="1321565252310-84"><dropIndex tableName="local_transfer" indexName="fk_local_transfer_source_transaction_transaction"/></changeSet>
	<changeSet author="jmiranda" failOnError="false" id="1321565252310-85"><dropIndex tableName="location" indexName="FK714F9FB528F75F00"/></changeSet>
	<changeSet author="jmiranda" failOnError="false" id="1321565252310-86"><dropIndex tableName="location" indexName="FK714F9FB541E07A73"/></changeSet>
	<changeSet author="jmiranda" failOnError="false" id="1321565252310-87"><dropIndex tableName="location" indexName="FK714F9FB561ED379F"/></changeSet>
	<changeSet author="jmiranda" failOnError="false" id="1321565252310-88"><dropIndex tableName="location" indexName="FK714F9FB572A2C5B4"/></changeSet>
	<changeSet author="jmiranda" failOnError="false" id="1321565252310-89"><dropIndex tableName="location" indexName="FK714F9FB57AF9A3C0"/></changeSet>
	<changeSet author="jmiranda" failOnError="false" id="1321565252310-90"><dropIndex tableName="product" indexName="FKED8DCCEFEF4C770D"/></changeSet>
	<changeSet author="jmiranda" failOnError="false" id="1321565252310-91"><dropIndex tableName="product_attribute" indexName="FK94A534C47B0D087"/></changeSet>
	<changeSet author="jmiranda" failOnError="false" id="1321565252310-92"><dropIndex tableName="product_attribute" indexName="FK94A534CDED5FAE7"/></changeSet>
	<changeSet author="jmiranda" failOnError="false" id="1321565252310-93"><dropIndex tableName="product_category" indexName="FKA0303E4EEF4C770D"/></changeSet>
	<changeSet author="jmiranda" failOnError="false" id="1321565252310-94"><dropIndex tableName="product_tags" indexName="FK3C78DD69DED5FAE7"/></changeSet>
	<changeSet author="jmiranda" failOnError="false" id="1321565252310-95"><dropIndex tableName="receipt" indexName="FK4082723844979D51"/></changeSet>
	<changeSet author="jmiranda" failOnError="false" id="1321565252310-96"><dropIndex tableName="receipt_item" indexName="FKAE3064BA44979D51"/></changeSet>
	<changeSet author="jmiranda" failOnError="false" id="1321565252310-97"><dropIndex tableName="receipt_item" indexName="FKAE3064BADED5FAE7"/></changeSet>
	<changeSet author="jmiranda" failOnError="false" id="1321565252310-98"><dropIndex tableName="receipt_item" indexName="FKAE3064BAF7076438"/></changeSet>
	<changeSet author="jmiranda" failOnError="false" id="1321565252310-99"><dropIndex tableName="reference_number" indexName="FKD790DEBD154F600"/></changeSet>
	<changeSet author="jmiranda" failOnError="false" id="1321565252310-100"><dropIndex tableName="shipment" indexName="FKE139719A1E2B3CDC"/></changeSet>
	<changeSet author="jmiranda" failOnError="false" id="1321565252310-101"><dropIndex tableName="shipment" indexName="FKE139719A294C1012"/></changeSet>
	<changeSet author="jmiranda" failOnError="false" id="1321565252310-102"><dropIndex tableName="shipment" indexName="FKE139719A44979D51"/></changeSet>
	<changeSet author="jmiranda" failOnError="false" id="1321565252310-103"><dropIndex tableName="shipment" indexName="FKE139719A49AB6B52"/></changeSet>
	<changeSet author="jmiranda" failOnError="false" id="1321565252310-104"><dropIndex tableName="shipment" indexName="FKE139719AA28CC5FB"/></changeSet>
	<changeSet author="jmiranda" failOnError="false" id="1321565252310-105"><dropIndex tableName="shipment" indexName="FKE139719ADBDEDAC4"/></changeSet>
	<changeSet author="jmiranda" failOnError="false" id="1321565252310-106"><dropIndex tableName="shipment" indexName="FKE139719AF7076438"/></changeSet>
	<changeSet author="jmiranda" failOnError="false" id="1321565252310-107"><dropIndex tableName="shipment" indexName="FKE139719AFF77FF9B"/></changeSet>
	<changeSet author="jmiranda" failOnError="false" id="1321565252310-108"><dropIndex tableName="shipment_comment" indexName="FKC398CCBAC4A49BBF"/></changeSet>
	<changeSet author="jmiranda" failOnError="false" id="1321565252310-109"><dropIndex tableName="shipment_document" indexName="FK6C5BE20C800AA15"/></changeSet>
	<changeSet author="jmiranda" failOnError="false" id="1321565252310-110"><dropIndex tableName="shipment_event" indexName="FK6D032BB53B350242"/></changeSet>
	<changeSet author="jmiranda" failOnError="false" id="1321565252310-111"><dropIndex tableName="shipment_event" indexName="FK6D032BB5786431F"/></changeSet>
	<changeSet author="jmiranda" failOnError="false" id="1321565252310-112"><dropIndex tableName="shipment_item" indexName="FKDA3BB2983B5F6286"/></changeSet>
	<changeSet author="jmiranda" failOnError="false" id="1321565252310-113"><dropIndex tableName="shipment_item" indexName="FKDA3BB29844979D51"/></changeSet>
	<changeSet author="jmiranda" failOnError="false" id="1321565252310-114"><dropIndex tableName="shipment_item" indexName="FKDA3BB29849AB6B52"/></changeSet>
	<changeSet author="jmiranda" failOnError="false" id="1321565252310-115"><dropIndex tableName="shipment_item" indexName="FKDA3BB2987400E88E"/></changeSet>
	<changeSet author="jmiranda" failOnError="false" id="1321565252310-116"><dropIndex tableName="shipment_item" indexName="FKDA3BB298DED5FAE7"/></changeSet>
	<changeSet author="jmiranda" failOnError="false" id="1321565252310-117"><dropIndex tableName="shipment_method" indexName="FK40203B26296B2CA3"/></changeSet>
	<changeSet author="jmiranda" failOnError="false" id="1321565252310-118"><dropIndex tableName="shipment_method" indexName="FK40203B263896C98E"/></changeSet>
	<changeSet author="jmiranda" failOnError="false" id="1321565252310-119"><dropIndex tableName="shipment_reference_number" indexName="FK312F6C292388BC5"/></changeSet>
	<changeSet author="jmiranda" failOnError="false" id="1321565252310-120"><dropIndex tableName="shipment_workflow" indexName="shipment_type_id"/></changeSet>
	<changeSet author="jmiranda" failOnError="false" id="1321565252310-121"><dropIndex tableName="shipment_workflow" indexName="FKD584C4C4FF77FF9B"/></changeSet>
	<changeSet author="jmiranda" failOnError="false" id="1321565252310-122"><dropIndex tableName="shipment_workflow_container_type" indexName="FKDEF5AD1317A6E251"/></changeSet>
	<changeSet author="jmiranda" failOnError="false" id="1321565252310-123"><dropIndex tableName="shipment_workflow_reference_number_type" indexName="FK4BB27241154F600"/></changeSet>
	<changeSet author="jmiranda" failOnError="false" id="1321565252310-124"><dropIndex tableName="shipper_service" indexName="FKDF7559D73896C98E"/></changeSet>
	<changeSet author="jmiranda" failOnError="false" id="1321565252310-125"><dropIndex tableName="transaction" indexName="FK7FA0D2DE1E2B3CDC"/></changeSet>
	<changeSet author="jmiranda" failOnError="false" id="1321565252310-126"><dropIndex tableName="transaction" indexName="FK7FA0D2DE217F5972"/></changeSet>
	<changeSet author="jmiranda" failOnError="false" id="1321565252310-127"><dropIndex tableName="transaction" indexName="FK7FA0D2DE3265A8A9"/></changeSet>
	<changeSet author="jmiranda" failOnError="false" id="1321565252310-128"><dropIndex tableName="transaction" indexName="FK7FA0D2DE72A2C5B4"/></changeSet>
	<changeSet author="jmiranda" failOnError="false" id="1321565252310-129"><dropIndex tableName="transaction" indexName="FK7FA0D2DE828481AF"/></changeSet>
	<changeSet author="jmiranda" failOnError="false" id="1321565252310-130"><dropIndex tableName="transaction" indexName="FK7FA0D2DEB3FB7111"/></changeSet>
	<changeSet author="jmiranda" failOnError="false" id="1321565252310-131"><dropIndex tableName="transaction_entry" indexName="FKABC21FD12EF4C7F4"/></changeSet>
	<changeSet author="jmiranda" failOnError="false" id="1321565252310-132"><dropIndex tableName="transaction_entry" indexName="FKABC21FD1AA992CED"/></changeSet>
	<changeSet author="jmiranda" failOnError="false" id="1321565252310-133"><dropIndex tableName="user" indexName="FK36EBCB1171F854"/></changeSet>
	<changeSet author="jmiranda" failOnError="false" id="1321565252310-134"><dropIndex tableName="user" indexName="FK36EBCB41E07A73"/></changeSet>
	<changeSet author="jmiranda" failOnError="false" id="1321565252310-135"><dropIndex tableName="user_role" indexName="FK143BF46AA462C195"/></changeSet>
	<changeSet author="jmiranda" failOnError="false" id="1321565252310-136"><dropIndex tableName="user_role" indexName="FK143BF46AFF37FDB5"/></changeSet>
</databaseChangeLog>