<?xml version="1.0" encoding="UTF-8"?>
<databaseChangeLog xmlns="http://www.liquibase.org/xml/ns/dbchangelog/1.9" xmlns:xsi="http://www.w3.org/2001/XMLSchema-instance" xsi:schemaLocation="http://www.liquibase.org/xml/ns/dbchangelog/1.9 http://www.liquibase.org/xml/ns/dbchangelog/dbchangelog-1.9.xsd">

	<!-- SELECT * FROM COLUMNS where table_schema = 'warehouse_dev' and column_name like '%id' -->
	<changeSet author="jmiranda" id="1321565252310-142">
		<comment>Modify all foreign key fields to be CHAR(30) to support UUID.</comment>
		<modifyColumn tableName="attribute_options"><column name="attribute_id" type="CHAR(38)"></column></modifyColumn>
		<modifyColumn tableName="category"><column name="parent_category_id" type="CHAR(38)"></column></modifyColumn>
		<modifyColumn tableName="comment"><column name="recipient_id" type="CHAR(38)"></column></modifyColumn>
		<modifyColumn tableName="comment"><column name="sender_id" type="CHAR(38)"></column></modifyColumn>
		<modifyColumn tableName="consumption"><column name="inventory_item_id" type="CHAR(38)"></column></modifyColumn>
		<modifyColumn tableName="consumption"><column name="product_id" type="CHAR(38)"></column></modifyColumn>
		<modifyColumn tableName="consumption"><column name="location_id" type="CHAR(38)"></column></modifyColumn>
		<modifyColumn tableName="container"><column name="container_type_id" type="CHAR(38)"></column></modifyColumn>
		<modifyColumn tableName="container"><column name="parent_container_id" type="CHAR(38)"></column></modifyColumn>
		<modifyColumn tableName="container"><column name="recipient_id" type="CHAR(38)"></column></modifyColumn>
		<modifyColumn tableName="container"><column name="shipment_id" type="CHAR(38)"></column></modifyColumn>
		<modifyColumn tableName="document"><column name="document_type_id" type="CHAR(38)"></column></modifyColumn>
		<modifyColumn tableName="event"><column name="event_location_id" type="CHAR(38)"></column></modifyColumn>
		<modifyColumn tableName="event"><column name="event_type_id" type="CHAR(38)"></column></modifyColumn>
		<modifyColumn tableName="fulfillment"><column name="fulfilled_by_id" type="CHAR(38)"></column></modifyColumn>
		<modifyColumn tableName="fulfillment_item"><column name="fulfillment_id" type="CHAR(38)"></column></modifyColumn>
		<modifyColumn tableName="fulfillment_item"><column name="inventory_item_id" type="CHAR(38)"></column></modifyColumn>
		<modifyColumn tableName="fulfillment_item"><column name="request_item_id" type="CHAR(38)"></column></modifyColumn>
		<modifyColumn tableName="fulfillment_item_shipment_item"><column name="fulfillment_item_shipment_items_id" type="CHAR(38)"></column></modifyColumn>
		<modifyColumn tableName="fulfillment_item_shipment_item"><column name="shipment_item_id" type="CHAR(38)"></column></modifyColumn>
		<modifyColumn tableName="inventory_item"><column name="product_id" type="CHAR(38)"></column></modifyColumn>
		<modifyColumn tableName="inventory_level"><column name="inventory_id" type="CHAR(38)"></column></modifyColumn>
		<modifyColumn tableName="inventory_level"><column name="product_id" type="CHAR(38)"></column></modifyColumn>
		<modifyColumn tableName="local_transfer"><column name="source_transaction_id" type="CHAR(38)"></column></modifyColumn>
		<modifyColumn tableName="local_transfer"><column name="destination_transaction_id" type="CHAR(38)"></column></modifyColumn>
		<modifyColumn tableName="location"><column name="address_id" type="CHAR(38)"></column></modifyColumn>
		<modifyColumn tableName="location"><column name="inventory_id" type="CHAR(38)"></column></modifyColumn>
		<modifyColumn tableName="location"><column name="manager_id" type="CHAR(38)"></column></modifyColumn>
		<modifyColumn tableName="location"><column name="location_type_id" type="CHAR(38)"></column></modifyColumn>
		<modifyColumn tableName="location"><column name="parent_location_id" type="CHAR(38)"></column></modifyColumn>
		<modifyColumn tableName="location"><column name="location_group_id" type="CHAR(38)"></column></modifyColumn>
		<modifyColumn tableName="location_supported_activities"><column name="location_id" type="CHAR(38)"></column></modifyColumn>
		<modifyColumn tableName="location_type_supported_activities"><column name="location_type_id" type="CHAR(38)"></column></modifyColumn>
		<modifyColumn tableName="order"><column name="destination_id" type="CHAR(38)"></column></modifyColumn>
		<modifyColumn tableName="order"><column name="ordered_by_id" type="CHAR(38)"></column></modifyColumn>
		<modifyColumn tableName="order"><column name="origin_id" type="CHAR(38)"></column></modifyColumn>
		<modifyColumn tableName="order"><column name="recipient_id" type="CHAR(38)"></column></modifyColumn>
		<modifyColumn tableName="order_comment"><column name="order_comments_id" type="CHAR(38)"></column></modifyColumn>
		<modifyColumn tableName="order_comment"><column name="comment_id" type="CHAR(38)"></column></modifyColumn>
		<modifyColumn tableName="order_document"><column name="order_documents_id" type="CHAR(38)"></column></modifyColumn>
		<modifyColumn tableName="order_document"><column name="document_id" type="CHAR(38)"></column></modifyColumn>
		<modifyColumn tableName="order_event"><column name="order_events_id" type="CHAR(38)"></column></modifyColumn>
		<modifyColumn tableName="order_event"><column name="event_id" type="CHAR(38)"></column></modifyColumn>
		<modifyColumn tableName="order_item"><column name="category_id" type="CHAR(38)"></column></modifyColumn>
		<modifyColumn tableName="order_item"><column name="inventory_item_id" type="CHAR(38)"></column></modifyColumn>
		<modifyColumn tableName="order_item"><column name="order_id" type="CHAR(38)"></column></modifyColumn>
		<modifyColumn tableName="order_item"><column name="product_id" type="CHAR(38)"></column></modifyColumn>
		<modifyColumn tableName="order_item"><column name="requested_by_id" type="CHAR(38)"></column></modifyColumn>
		<modifyColumn tableName="order_item_comment"><column name="order_item_comments_id" type="CHAR(38)"></column></modifyColumn>
		<modifyColumn tableName="order_item_comment"><column name="comment_id" type="CHAR(38)"></column></modifyColumn>
		<modifyColumn tableName="order_shipment"><column name="order_item_id" type="CHAR(38)"></column></modifyColumn>
		<modifyColumn tableName="order_shipment"><column name="shipment_item_id" type="CHAR(38)"></column></modifyColumn>
		<modifyColumn tableName="product"><column name="category_id" type="CHAR(38)"></column></modifyColumn>
		<modifyColumn tableName="product"><column name="unit_of_measure_id" type="CHAR(38)"></column></modifyColumn>
		<modifyColumn tableName="product_attribute"><column name="attribute_id" type="CHAR(38)"></column></modifyColumn>
		<modifyColumn tableName="product_attribute"><column name="product_id" type="CHAR(38)"></column></modifyColumn>
		<modifyColumn tableName="product_category"><column name="product_id" type="CHAR(38)"></column></modifyColumn>
		<modifyColumn tableName="product_category"><column name="category_id" type="CHAR(38)"></column></modifyColumn>
		<modifyColumn tableName="product_tags"><column name="product_id" type="CHAR(38)"></column></modifyColumn>
		<modifyColumn tableName="receipt"><column name="recipient_id" type="CHAR(38)"></column></modifyColumn>
		<modifyColumn tableName="receipt_item"><column name="comment_id" type="CHAR(38)"></column></modifyColumn>
		<modifyColumn tableName="receipt_item"><column name="product_id" type="CHAR(38)"></column></modifyColumn>
		<modifyColumn tableName="receipt_item"><column name="receipt_id" type="CHAR(38)"></column></modifyColumn>
		<modifyColumn tableName="receipt_item"><column name="recipient_id" type="CHAR(38)"></column></modifyColumn>
		<modifyColumn tableName="reference_number"><column name="reference_number_type_id" type="CHAR(38)"></column></modifyColumn>
		<modifyColumn tableName="request"><column name="destination_id" type="CHAR(38)"></column></modifyColumn>
		<modifyColumn tableName="request"><column name="origin_id" type="CHAR(38)"></column></modifyColumn>
		<modifyColumn tableName="request"><column name="recipient_id" type="CHAR(38)"></column></modifyColumn>
		<modifyColumn tableName="request"><column name="requested_by_id" type="CHAR(38)"></column></modifyColumn>
		<modifyColumn tableName="request"><column name="fulfillment_id" type="CHAR(38)"></column></modifyColumn>
		<modifyColumn tableName="request_comment"><column name="request_comments_id" type="CHAR(38)"></column></modifyColumn>
		<modifyColumn tableName="request_comment"><column name="comment_id" type="CHAR(38)"></column></modifyColumn>
		<modifyColumn tableName="request_document"><column name="request_documents_id" type="CHAR(38)"></column></modifyColumn>
		<modifyColumn tableName="request_document"><column name="document_id" type="CHAR(38)"></column></modifyColumn>
		<modifyColumn tableName="request_event"><column name="request_events_id" type="CHAR(38)"></column></modifyColumn>
		<modifyColumn tableName="request_event"><column name="event_id" type="CHAR(38)"></column></modifyColumn>
		<modifyColumn tableName="request_item"><column name="category_id" type="CHAR(38)"></column></modifyColumn>
		<modifyColumn tableName="request_item"><column name="inventory_item_id" type="CHAR(38)"></column></modifyColumn>
		<modifyColumn tableName="request_item"><column name="product_id" type="CHAR(38)"></column></modifyColumn>
		<modifyColumn tableName="request_item"><column name="request_id" type="CHAR(38)"></column></modifyColumn>
		<modifyColumn tableName="request_item"><column name="requested_by_id" type="CHAR(38)"></column></modifyColumn>
		<modifyColumn tableName="request_shipment"><column name="request_item_id" type="CHAR(38)"></column></modifyColumn>
		<modifyColumn tableName="request_shipment"><column name="shipment_item_id" type="CHAR(38)"></column></modifyColumn>
		<modifyColumn tableName="shipment"><column name="carrier_id" type="CHAR(38)"></column></modifyColumn>
		<modifyColumn tableName="shipment"><column name="destination_id" type="CHAR(38)"></column></modifyColumn>
		<modifyColumn tableName="shipment"><column name="donor_id" type="CHAR(38)"></column></modifyColumn>
		<modifyColumn tableName="shipment"><column name="origin_id" type="CHAR(38)"></column></modifyColumn>
		<modifyColumn tableName="shipment"><column name="recipient_id" type="CHAR(38)"></column></modifyColumn>
		<modifyColumn tableName="shipment"><column name="shipment_method_id" type="CHAR(38)"></column></modifyColumn>
		<modifyColumn tableName="shipment"><column name="shipment_type_id" type="CHAR(38)"></column></modifyColumn>
		<modifyColumn tableName="shipment"><column name="receipt_id" type="CHAR(38)"></column></modifyColumn>
		<modifyColumn tableName="shipment_comment"><column name="shipment_comments_id" type="CHAR(38)"></column></modifyColumn>
		<modifyColumn tableName="shipment_comment"><column name="comment_id" type="CHAR(38)"></column></modifyColumn>
		<modifyColumn tableName="shipment_document"><column name="shipment_documents_id" type="CHAR(38)"></column></modifyColumn>
		<modifyColumn tableName="shipment_document"><column name="document_id" type="CHAR(38)"></column></modifyColumn>
		<modifyColumn tableName="shipment_event"><column name="shipment_events_id" type="CHAR(38)"></column></modifyColumn>
		<modifyColumn tableName="shipment_event"><column name="event_id" type="CHAR(38)"></column></modifyColumn>
		<modifyColumn tableName="shipment_item"><column name="container_id" type="CHAR(38)"></column></modifyColumn>
		<modifyColumn tableName="shipment_item"><column name="donor_id" type="CHAR(38)"></column></modifyColumn>
		<modifyColumn tableName="shipment_item"><column name="product_id" type="CHAR(38)"></column></modifyColumn>
		<modifyColumn tableName="shipment_item"><column name="recipient_id" type="CHAR(38)"></column></modifyColumn>
		<modifyColumn tableName="shipment_item"><column name="shipment_id" type="CHAR(38)"></column></modifyColumn>
		<modifyColumn tableName="shipment_method"><column name="shipper_service_id" type="CHAR(38)"></column></modifyColumn>
		<modifyColumn tableName="shipment_method"><column name="shipper_id" type="CHAR(38)"></column></modifyColumn>
		<modifyColumn tableName="shipment_reference_number"><column name="shipment_reference_numbers_id" type="CHAR(38)"></column></modifyColumn>
		<modifyColumn tableName="shipment_reference_number"><column name="reference_number_id" type="CHAR(38)"></column></modifyColumn>
		<modifyColumn tableName="shipment_workflow"><column name="shipment_type_id" type="CHAR(38)"></column></modifyColumn>
		<modifyColumn tableName="shipment_workflow_container_type"><column name="shipment_workflow_container_types_id" type="CHAR(38)"></column></modifyColumn>
		<modifyColumn tableName="shipment_workflow_container_type"><column name="container_type_id" type="CHAR(38)"></column></modifyColumn>
		<modifyColumn tableName="shipment_workflow_reference_number_type"><column name="shipment_workflow_reference_number_types_id" type="CHAR(38)"></column></modifyColumn>
		<modifyColumn tableName="shipment_workflow_reference_number_type"><column name="reference_number_type_id" type="CHAR(38)"></column></modifyColumn>
		<modifyColumn tableName="shipper_service"><column name="shipper_id" type="CHAR(38)"></column></modifyColumn>
		<modifyColumn tableName="transaction"><column name="created_by_id" type="CHAR(38)"></column></modifyColumn>
		<modifyColumn tableName="transaction"><column name="destination_id" type="CHAR(38)"></column></modifyColumn>
		<modifyColumn tableName="transaction"><column name="inventory_id" type="CHAR(38)"></column></modifyColumn>
		<modifyColumn tableName="transaction"><column name="source_id" type="CHAR(38)"></column></modifyColumn>
		<modifyColumn tableName="transaction"><column name="transaction_type_id" type="CHAR(38)"></column></modifyColumn>
		<modifyColumn tableName="transaction"><column name="confirmed_by_id" type="CHAR(38)"></column></modifyColumn>
		<modifyColumn tableName="transaction_entry"><column name="inventory_item_id" type="CHAR(38)"></column></modifyColumn>
		<modifyColumn tableName="transaction_entry"><column name="transaction_id" type="CHAR(38)"></column></modifyColumn>
		<modifyColumn tableName="user"><column name="manager_id" type="CHAR(38)"></column></modifyColumn>
		<modifyColumn tableName="user"><column name="warehouse_id" type="CHAR(38)"></column></modifyColumn>
		<modifyColumn tableName="user_role"><column name="user_id" type="CHAR(38)"></column></modifyColumn>
		<modifyColumn tableName="user_role"><column name="role_id" type="CHAR(38)"></column></modifyColumn>
	</changeSet>	
	
</databaseChangeLog>
