<?xml version="1.0" encoding="UTF-8"?>
<databaseChangeLog xmlns="http://www.liquibase.org/xml/ns/dbchangelog/1.9" xmlns:xsi="http://www.w3.org/2001/XMLSchema-instance" xsi:schemaLocation="http://www.liquibase.org/xml/ns/dbchangelog/1.9 http://www.liquibase.org/xml/ns/dbchangelog/dbchangelog-1.9.xsd">
	
    <changeSet author="jmiranda" id="disable-foreign-key-checks" runAlways="true" dbms="mysql">
		<sql>SET FOREIGN_KEY_CHECKS=0</sql>
    </changeSet>
	
	<!--  Add a foreign key constraint for each foreign key column. -->
	<changeSet author="jmiranda" failOnError="false" id="1323722127173-66"><addForeignKeyConstraint baseTableName="category" baseColumnNames="parent_category_id" constraintName="FK302BCFE619A2EF8" referencedTableName="category" referencedColumnNames="id"/></changeSet>
	<changeSet author="jmiranda" failOnError="false" id="1323722127173-67"><addForeignKeyConstraint baseTableName="comment" baseColumnNames="recipient_id" constraintName="FK38A5EE5FF885F087" referencedTableName="user" referencedColumnNames="id"/></changeSet>
	<changeSet author="jmiranda" failOnError="false" id="1323722127173-68"><addForeignKeyConstraint baseTableName="comment" baseColumnNames="sender_id" constraintName="FK38A5EE5FAF1302EB" referencedTableName="user" referencedColumnNames="id"/></changeSet>
	<changeSet author="jmiranda" failOnError="false" id="1323722127173-69"><addForeignKeyConstraint baseTableName="consumption" baseColumnNames="product_id" constraintName="FKCD71F39BDED5FAE7" referencedTableName="product" referencedColumnNames="id"/></changeSet>
	<changeSet author="jmiranda" failOnError="false" id="1323722127173-70"><addForeignKeyConstraint baseTableName="consumption" baseColumnNames="location_id" constraintName="FKCD71F39B8ABEBD5" referencedTableName="location" referencedColumnNames="id"/></changeSet>
	<changeSet author="jmiranda" failOnError="false" id="1323722127173-71"><addForeignKeyConstraint baseTableName="consumption" baseColumnNames="inventory_item_id" constraintName="FKCD71F39BAA992CED" referencedTableName="inventory_item" referencedColumnNames="id"/></changeSet>
	<changeSet author="jmiranda" failOnError="false" id="1323722127173-72"><addForeignKeyConstraint baseTableName="container" baseColumnNames="recipient_id" constraintName="FKE7814C8144979D51" referencedTableName="person" referencedColumnNames="id"/></changeSet>
	<changeSet author="jmiranda" failOnError="false" id="1323722127173-73"><addForeignKeyConstraint baseTableName="container" baseColumnNames="container_type_id" constraintName="FKE7814C8117A6E251" referencedTableName="container_type" referencedColumnNames="id"/></changeSet>
	<changeSet author="jmiranda" failOnError="false" id="1323722127173-74"><addForeignKeyConstraint baseTableName="container" baseColumnNames="shipment_id" constraintName="FKE7814C813B5F6286" referencedTableName="shipment" referencedColumnNames="id"/></changeSet>
	<changeSet author="jmiranda" failOnError="false" id="1323722127173-75"><addForeignKeyConstraint baseTableName="container" baseColumnNames="parent_container_id" constraintName="FKE7814C814B6A2E03" referencedTableName="container" referencedColumnNames="id"/></changeSet>
	<changeSet author="jmiranda" failOnError="false" id="1323722127173-76"><addForeignKeyConstraint baseTableName="document" baseColumnNames="document_type_id" constraintName="FK335CD11B6631D8CC" referencedTableName="document_type" referencedColumnNames="id"/></changeSet>
	<changeSet author="jmiranda" failOnError="false" id="1323722127173-77"><addForeignKeyConstraint baseTableName="event" baseColumnNames="event_type_id" constraintName="FK5C6729A3D970DB4" referencedTableName="event_type" referencedColumnNames="id"/></changeSet>
	<changeSet author="jmiranda" failOnError="false" id="1323722127173-78"><addForeignKeyConstraint baseTableName="event" baseColumnNames="event_location_id" constraintName="FK5C6729A4415A5B0" referencedTableName="location" referencedColumnNames="id"/></changeSet>
	<changeSet author="jmiranda" failOnError="false" id="1323722127173-79"><addForeignKeyConstraint baseTableName="fulfillment" baseColumnNames="fulfilled_by_id" constraintName="FK5A2551DEAC392B33" referencedTableName="person" referencedColumnNames="id"/></changeSet>
	<changeSet author="jmiranda" failOnError="false" id="1323722127173-80"><addForeignKeyConstraint baseTableName="fulfillment_item" baseColumnNames="fulfillment_id" constraintName="FKEDC55CD494567276" referencedTableName="fulfillment" referencedColumnNames="id"/></changeSet>
	<changeSet author="jmiranda" failOnError="false" id="1323722127173-81"><addForeignKeyConstraint baseTableName="fulfillment_item" baseColumnNames="request_item_id" constraintName="FKEDC55CD447EBE106" referencedTableName="request_item" referencedColumnNames="id"/></changeSet>
	<changeSet author="jmiranda" failOnError="false" id="1323722127173-82"><addForeignKeyConstraint baseTableName="fulfillment_item" baseColumnNames="inventory_item_id" constraintName="FKEDC55CD4AA992CED" referencedTableName="inventory_item" referencedColumnNames="id"/></changeSet>
	<changeSet author="jmiranda" failOnError="false" id="1323722127173-83"><addForeignKeyConstraint baseTableName="fulfillment_item_shipment_item" baseColumnNames="fulfillment_item_shipment_items_id" constraintName="FKE071DE6DB42751E1" referencedTableName="fulfillment_item" referencedColumnNames="id"/></changeSet>
	<changeSet author="jmiranda" failOnError="false" id="1323722127173-84"><addForeignKeyConstraint baseTableName="fulfillment_item_shipment_item" baseColumnNames="shipment_item_id" constraintName="FKE071DE6DB06EC4FB" referencedTableName="shipment_item" referencedColumnNames="id"/></changeSet>
	<changeSet author="jmiranda" failOnError="false" id="1323722127173-85"><addForeignKeyConstraint baseTableName="inventory_item" baseColumnNames="product_id" constraintName="FKFE019416DED5FAE7" referencedTableName="product" referencedColumnNames="id"/></changeSet>
	<changeSet author="jmiranda" failOnError="false" id="1323722127173-86"><addForeignKeyConstraint baseTableName="inventory_level" baseColumnNames="inventory_id" constraintName="FKC254A2E172A2C5B4" referencedTableName="inventory" referencedColumnNames="id"/></changeSet>
	<changeSet author="jmiranda" failOnError="false" id="1323722127173-87"><addForeignKeyConstraint baseTableName="inventory_level" baseColumnNames="product_id" constraintName="FKC254A2E1DED5FAE7" referencedTableName="product" referencedColumnNames="id"/></changeSet>
	<changeSet author="jmiranda" failOnError="false" id="1323722127173-88"><addForeignKeyConstraint baseTableName="local_transfer" baseColumnNames="source_transaction_id" constraintName="FK7975323F57563498" referencedTableName="transaction" referencedColumnNames="id"/></changeSet>
	<changeSet author="jmiranda" failOnError="false" id="1323722127173-89"><addForeignKeyConstraint baseTableName="local_transfer" baseColumnNames="destination_transaction_id" constraintName="FK7975323F4CC49445" referencedTableName="transaction" referencedColumnNames="id"/></changeSet>
	<changeSet author="jmiranda" failOnError="false" id="1323722127173-90"><addForeignKeyConstraint baseTableName="location" baseColumnNames="inventory_id" constraintName="FK714F9FB572A2C5B4" referencedTableName="inventory" referencedColumnNames="id"/></changeSet>
	<changeSet author="jmiranda" failOnError="false" id="1323722127173-91"><addForeignKeyConstraint baseTableName="location" baseColumnNames="location_type_id" constraintName="FK714F9FB528F75F00" referencedTableName="location_type" referencedColumnNames="id"/></changeSet>
	<changeSet author="jmiranda" failOnError="false" id="1323722127173-92"><addForeignKeyConstraint baseTableName="location" baseColumnNames="location_group_id" constraintName="FK714F9FB53BB36E94" referencedTableName="location_group" referencedColumnNames="id"/></changeSet>
	<changeSet author="jmiranda" failOnError="false" id="1323722127173-93"><addForeignKeyConstraint baseTableName="location" baseColumnNames="manager_id" constraintName="FK714F9FB541E07A73" referencedTableName="user" referencedColumnNames="id"/></changeSet>
	<changeSet author="jmiranda" failOnError="false" id="1323722127173-94"><addForeignKeyConstraint baseTableName="location" baseColumnNames="address_id" constraintName="FK714F9FB561ED379F" referencedTableName="address" referencedColumnNames="id"/></changeSet>
	<changeSet author="jmiranda" failOnError="false" id="1323722127173-95"><addForeignKeyConstraint baseTableName="location" baseColumnNames="parent_location_id" constraintName="FK714F9FB57AF9A3C0" referencedTableName="location" referencedColumnNames="id"/></changeSet>
	<changeSet author="jmiranda" failOnError="false" id="1323722127173-96"><addForeignKeyConstraint baseTableName="location_supported_activities" baseColumnNames="location_id" constraintName="FKF58372688ABEBD5" referencedTableName="location" referencedColumnNames="id"/></changeSet>
	<changeSet author="jmiranda" failOnError="false" id="1323722127173-97"><addForeignKeyConstraint baseTableName="location_type_supported_activities" baseColumnNames="location_type_id" constraintName="FK7AFF67F928F75F00" referencedTableName="location_type" referencedColumnNames="id"/></changeSet>
	<changeSet author="jmiranda" failOnError="false" id="1323722127173-98"><addForeignKeyConstraint baseTableName="order" baseColumnNames="destination_id" constraintName="FK651874E1E2B3CDC" referencedTableName="location" referencedColumnNames="id"/></changeSet>
	<changeSet author="jmiranda" failOnError="false" id="1323722127173-99"><addForeignKeyConstraint baseTableName="order" baseColumnNames="recipient_id" constraintName="FK651874E44979D51" referencedTableName="person" referencedColumnNames="id"/></changeSet>
	<changeSet author="jmiranda" failOnError="false" id="1323722127173-100"><addForeignKeyConstraint baseTableName="order" baseColumnNames="ordered_by_id" constraintName="FK651874EAF6D8801" referencedTableName="person" referencedColumnNames="id"/></changeSet>
	<changeSet author="jmiranda" failOnError="false" id="1323722127173-101"><addForeignKeyConstraint baseTableName="order" baseColumnNames="origin_id" constraintName="FK651874EDBDEDAC4" referencedTableName="location" referencedColumnNames="id"/></changeSet>
	<changeSet author="jmiranda" failOnError="false" id="1323722127173-102"><addForeignKeyConstraint baseTableName="order_comment" baseColumnNames="comment_id" constraintName="FK2DE9EE6EC4A49BBF" referencedTableName="comment" referencedColumnNames="id"/></changeSet>
	<changeSet author="jmiranda" failOnError="false" id="1323722127173-103"><addForeignKeyConstraint baseTableName="order_comment" baseColumnNames="order_comments_id" constraintName="FK2DE9EE6EB8839C0F" referencedTableName="order" referencedColumnNames="id"/></changeSet>
	<changeSet author="jmiranda" failOnError="false" id="1323722127173-104"><addForeignKeyConstraint baseTableName="order_document" baseColumnNames="order_documents_id" constraintName="FKE698D2ECFE10118D" referencedTableName="order" referencedColumnNames="id"/></changeSet>
	<changeSet author="jmiranda" failOnError="false" id="1323722127173-105"><addForeignKeyConstraint baseTableName="order_document" baseColumnNames="document_id" constraintName="FKE698D2ECC800AA15" referencedTableName="document" referencedColumnNames="id"/></changeSet>
	<changeSet author="jmiranda" failOnError="false" id="1323722127173-106"><addForeignKeyConstraint baseTableName="order_event" baseColumnNames="order_events_id" constraintName="FK74D92A693D2E628A" referencedTableName="order" referencedColumnNames="id"/></changeSet>
	<changeSet author="jmiranda" failOnError="false" id="1323722127173-107"><addForeignKeyConstraint baseTableName="order_event" baseColumnNames="event_id" constraintName="FK74D92A69786431F" referencedTableName="event" referencedColumnNames="id"/></changeSet>
	<changeSet author="jmiranda" failOnError="false" id="1323722127173-108"><addForeignKeyConstraint baseTableName="order_item" baseColumnNames="product_id" constraintName="FK2D110D64DED5FAE7" referencedTableName="product" referencedColumnNames="id"/></changeSet>
	<changeSet author="jmiranda" failOnError="false" id="1323722127173-109"><addForeignKeyConstraint baseTableName="order_item" baseColumnNames="requested_by_id" constraintName="FK2D110D64911E7578" referencedTableName="user" referencedColumnNames="id"/></changeSet>
	<changeSet author="jmiranda" failOnError="false" id="1323722127173-110"><addForeignKeyConstraint baseTableName="order_item" baseColumnNames="inventory_item_id" constraintName="FK2D110D64AA992CED" referencedTableName="inventory_item" referencedColumnNames="id"/></changeSet>
	<changeSet author="jmiranda" failOnError="false" id="1323722127173-111"><addForeignKeyConstraint baseTableName="order_item" baseColumnNames="order_id" constraintName="FK2D110D64D08EDBE6" referencedTableName="order" referencedColumnNames="id"/></changeSet>
	<changeSet author="jmiranda" failOnError="false" id="1323722127173-112"><addForeignKeyConstraint baseTableName="order_item" baseColumnNames="category_id" constraintName="FK2D110D64EF4C770D" referencedTableName="category" referencedColumnNames="id"/></changeSet>
	<changeSet author="jmiranda" failOnError="false" id="1323722127173-113"><addForeignKeyConstraint baseTableName="order_shipment" baseColumnNames="shipment_item_id" constraintName="FK9475736BB06EC4FB" referencedTableName="shipment_item" referencedColumnNames="id"/></changeSet>
	<changeSet author="jmiranda" failOnError="false" id="1323722127173-114"><addForeignKeyConstraint baseTableName="order_shipment" baseColumnNames="order_item_id" constraintName="FK9475736B3BE9D843" referencedTableName="order_item" referencedColumnNames="id"/></changeSet>
	<changeSet author="jmiranda" failOnError="false" id="1323722127173-115"><addForeignKeyConstraint baseTableName="product" baseColumnNames="category_id" constraintName="FKED8DCCEFEF4C770D" referencedTableName="category" referencedColumnNames="id"/></changeSet>
	<changeSet author="jmiranda" failOnError="false" id="1323722127173-116"><addForeignKeyConstraint baseTableName="product_attribute" baseColumnNames="product_id" constraintName="FK94A534CDED5FAE7" referencedTableName="product" referencedColumnNames="id"/></changeSet>
	<changeSet author="jmiranda" failOnError="false" id="1323722127173-117"><addForeignKeyConstraint baseTableName="product_attribute" baseColumnNames="attribute_id" constraintName="FK94A534C47B0D087" referencedTableName="attribute" referencedColumnNames="id"/></changeSet>
	<changeSet author="jmiranda" failOnError="false" id="1323722127173-118"><addForeignKeyConstraint baseTableName="product_category" baseColumnNames="category_id" constraintName="FKA0303E4EEF4C770D" referencedTableName="category" referencedColumnNames="id"/></changeSet>
	<changeSet author="jmiranda" failOnError="false" id="1323722127173-119"><addForeignKeyConstraint baseTableName="product_tags" baseColumnNames="product_id" constraintName="FK3C78DD69DED5FAE7" referencedTableName="product" referencedColumnNames="id"/></changeSet>
	<changeSet author="jmiranda" failOnError="false" id="1323722127173-120"><addForeignKeyConstraint baseTableName="receipt" baseColumnNames="recipient_id" constraintName="FK4082723844979D51" referencedTableName="person" referencedColumnNames="id"/></changeSet>
	<changeSet author="jmiranda" failOnError="false" id="1323722127173-121"><addForeignKeyConstraint baseTableName="receipt_item" baseColumnNames="product_id" constraintName="FKAE3064BADED5FAE7" referencedTableName="product" referencedColumnNames="id"/></changeSet>
	<changeSet author="jmiranda" failOnError="false" id="1323722127173-122"><addForeignKeyConstraint baseTableName="receipt_item" baseColumnNames="recipient_id" constraintName="FKAE3064BA44979D51" referencedTableName="person" referencedColumnNames="id"/></changeSet>
	<changeSet author="jmiranda" failOnError="false" id="1323722127173-123"><addForeignKeyConstraint baseTableName="receipt_item" baseColumnNames="receipt_id" constraintName="FKAE3064BAF7076438" referencedTableName="receipt" referencedColumnNames="id"/></changeSet>
	<changeSet author="jmiranda" failOnError="false" id="1323722127173-124"><addForeignKeyConstraint baseTableName="reference_number" baseColumnNames="reference_number_type_id" constraintName="FKD790DEBD154F600" referencedTableName="reference_number_type" referencedColumnNames="id"/></changeSet>
	<changeSet author="jmiranda" failOnError="false" id="1323722127173-125"><addForeignKeyConstraint baseTableName="request" baseColumnNames="destination_id" constraintName="FK414EF28F1E2B3CDC" referencedTableName="location" referencedColumnNames="id"/></changeSet>
	<changeSet author="jmiranda" failOnError="false" id="1323722127173-126"><addForeignKeyConstraint baseTableName="request" baseColumnNames="recipient_id" constraintName="FK414EF28F44979D51" referencedTableName="person" referencedColumnNames="id"/></changeSet>
	<changeSet author="jmiranda" failOnError="false" id="1323722127173-127"><addForeignKeyConstraint baseTableName="request" baseColumnNames="fulfillment_id" constraintName="FK414EF28F94567276" referencedTableName="fulfillment" referencedColumnNames="id"/></changeSet>
	<changeSet author="jmiranda" failOnError="false" id="1323722127173-128"><addForeignKeyConstraint baseTableName="request" baseColumnNames="origin_id" constraintName="FK414EF28FDBDEDAC4" referencedTableName="location" referencedColumnNames="id"/></changeSet>
	<changeSet author="jmiranda" failOnError="false" id="1323722127173-129"><addForeignKeyConstraint baseTableName="request" baseColumnNames="requested_by_id" constraintName="FK414EF28FDD302242" referencedTableName="person" referencedColumnNames="id"/></changeSet>
	<changeSet author="jmiranda" failOnError="false" id="1323722127173-130"><addForeignKeyConstraint baseTableName="request_comment" baseColumnNames="comment_id" constraintName="FK5BAC88AFC4A49BBF" referencedTableName="comment" referencedColumnNames="id"/></changeSet>
	<changeSet author="jmiranda" failOnError="false" id="1323722127173-131"><addForeignKeyConstraint baseTableName="request_comment" baseColumnNames="request_comments_id" constraintName="FK5BAC88AF87AC2D52" referencedTableName="request" referencedColumnNames="id"/></changeSet>
	<changeSet author="jmiranda" failOnError="false" id="1323722127173-132"><addForeignKeyConstraint baseTableName="request_document" baseColumnNames="request_documents_id" constraintName="FK712980CB2777B76E" referencedTableName="request" referencedColumnNames="id"/></changeSet>
	<changeSet author="jmiranda" failOnError="false" id="1323722127173-133"><addForeignKeyConstraint baseTableName="request_document" baseColumnNames="document_id" constraintName="FK712980CBC800AA15" referencedTableName="document" referencedColumnNames="id"/></changeSet>
	<changeSet author="jmiranda" failOnError="false" id="1323722127173-134"><addForeignKeyConstraint baseTableName="request_event" baseColumnNames="request_events_id" constraintName="FK674F60EAD962700D" referencedTableName="request" referencedColumnNames="id"/></changeSet>
	<changeSet author="jmiranda" failOnError="false" id="1323722127173-135"><addForeignKeyConstraint baseTableName="request_event" baseColumnNames="event_id" constraintName="FK674F60EA786431F" referencedTableName="event" referencedColumnNames="id"/></changeSet>
	<changeSet author="jmiranda" failOnError="false" id="1323722127173-136"><addForeignKeyConstraint baseTableName="request_item" baseColumnNames="product_id" constraintName="FK4DA982C3DED5FAE7" referencedTableName="product" referencedColumnNames="id"/></changeSet>
	<changeSet author="jmiranda" failOnError="false" id="1323722127173-137"><addForeignKeyConstraint baseTableName="request_item" baseColumnNames="request_id" constraintName="FK4DA982C35DE21C87" referencedTableName="request" referencedColumnNames="id"/></changeSet>
	<changeSet author="jmiranda" failOnError="false" id="1323722127173-138"><addForeignKeyConstraint baseTableName="request_item" baseColumnNames="requested_by_id" constraintName="FK4DA982C3911E7578" referencedTableName="user" referencedColumnNames="id"/></changeSet>
	<changeSet author="jmiranda" failOnError="false" id="1323722127173-139"><addForeignKeyConstraint baseTableName="request_item" baseColumnNames="inventory_item_id" constraintName="FK4DA982C3AA992CED" referencedTableName="inventory_item" referencedColumnNames="id"/></changeSet>
	<changeSet author="jmiranda" failOnError="false" id="1323722127173-140"><addForeignKeyConstraint baseTableName="request_item" baseColumnNames="category_id" constraintName="FK4DA982C3EF4C770D" referencedTableName="category" referencedColumnNames="id"/></changeSet>
	<changeSet author="jmiranda" failOnError="false" id="1323722127173-141"><addForeignKeyConstraint baseTableName="request_shipment" baseColumnNames="request_item_id" constraintName="FK1F06214A47EBE106" referencedTableName="request_item" referencedColumnNames="id"/></changeSet>
	<changeSet author="jmiranda" failOnError="false" id="1323722127173-142"><addForeignKeyConstraint baseTableName="request_shipment" baseColumnNames="shipment_item_id" constraintName="FK1F06214AB06EC4FB" referencedTableName="shipment_item" referencedColumnNames="id"/></changeSet>
	<changeSet author="jmiranda" failOnError="false" id="1323722127173-143"><addForeignKeyConstraint baseTableName="shipment" baseColumnNames="shipment_type_id" constraintName="FKE139719AFF77FF9B" referencedTableName="shipment_type" referencedColumnNames="id"/></changeSet>
	<changeSet author="jmiranda" failOnError="false" id="1323722127173-144"><addForeignKeyConstraint baseTableName="shipment" baseColumnNames="destination_id" constraintName="FKE139719A1E2B3CDC" referencedTableName="location" referencedColumnNames="id"/></changeSet>
	<changeSet author="jmiranda" failOnError="false" id="1323722127173-145"><addForeignKeyConstraint baseTableName="shipment" baseColumnNames="carrier_id" constraintName="FKE139719A294C1012" referencedTableName="person" referencedColumnNames="id"/></changeSet>
	<changeSet author="jmiranda" failOnError="false" id="1323722127173-146"><addForeignKeyConstraint baseTableName="shipment" baseColumnNames="recipient_id" constraintName="FKE139719A44979D51" referencedTableName="person" referencedColumnNames="id"/></changeSet>
	<changeSet author="jmiranda" failOnError="false" id="1323722127173-147"><addForeignKeyConstraint baseTableName="shipment" baseColumnNames="donor_id" constraintName="FKE139719A49AB6B52" referencedTableName="donor" referencedColumnNames="id"/></changeSet>
	<changeSet author="jmiranda" failOnError="false" id="1323722127173-148"><addForeignKeyConstraint baseTableName="shipment" baseColumnNames="shipment_method_id" constraintName="FKE139719AA28CC5FB" referencedTableName="shipment_method" referencedColumnNames="id"/></changeSet>
	<changeSet author="jmiranda" failOnError="false" id="1323722127173-149"><addForeignKeyConstraint baseTableName="shipment" baseColumnNames="origin_id" constraintName="FKE139719ADBDEDAC4" referencedTableName="location" referencedColumnNames="id"/></changeSet>
	<changeSet author="jmiranda" failOnError="false" id="1323722127173-150"><addForeignKeyConstraint baseTableName="shipment" baseColumnNames="receipt_id" constraintName="FKE139719AF7076438" referencedTableName="receipt" referencedColumnNames="id"/></changeSet>
	<changeSet author="jmiranda" failOnError="false" id="1323722127173-151"><addForeignKeyConstraint baseTableName="shipment_comment" baseColumnNames="comment_id" constraintName="FKC398CCBAC4A49BBF" referencedTableName="comment" referencedColumnNames="id"/></changeSet>
	<changeSet author="jmiranda" failOnError="false" id="1323722127173-152"><addForeignKeyConstraint baseTableName="shipment_document" baseColumnNames="document_id" constraintName="FK6C5BE20C800AA15" referencedTableName="document" referencedColumnNames="id"/></changeSet>
	<changeSet author="jmiranda" failOnError="false" id="1323722127173-153"><addForeignKeyConstraint baseTableName="shipment_event" baseColumnNames="event_id" constraintName="FK6D032BB5786431F" referencedTableName="event" referencedColumnNames="id"/></changeSet>
	<changeSet author="jmiranda" failOnError="false" id="1323722127173-154"><addForeignKeyConstraint baseTableName="shipment_event" baseColumnNames="shipment_events_id" constraintName="FK6D032BB53B350242" referencedTableName="shipment" referencedColumnNames="id"/></changeSet>
	<changeSet author="jmiranda" failOnError="false" id="1323722127173-155"><addForeignKeyConstraint baseTableName="shipment_item" baseColumnNames="container_id" constraintName="FKDA3BB2987400E88E" referencedTableName="container" referencedColumnNames="id"/></changeSet>
	<changeSet author="jmiranda" failOnError="false" id="1323722127173-156"><addForeignKeyConstraint baseTableName="shipment_item" baseColumnNames="shipment_id" constraintName="FKDA3BB2983B5F6286" referencedTableName="shipment" referencedColumnNames="id"/></changeSet>
	<changeSet author="jmiranda" failOnError="false" id="1323722127173-157"><addForeignKeyConstraint baseTableName="shipment_item" baseColumnNames="recipient_id" constraintName="FKDA3BB29844979D51" referencedTableName="person" referencedColumnNames="id"/></changeSet>
	<changeSet author="jmiranda" failOnError="false" id="1323722127173-158"><addForeignKeyConstraint baseTableName="shipment_item" baseColumnNames="donor_id" constraintName="FKDA3BB29849AB6B52" referencedTableName="donor" referencedColumnNames="id"/></changeSet>
	<changeSet author="jmiranda" failOnError="false" id="1323722127173-159"><addForeignKeyConstraint baseTableName="shipment_item" baseColumnNames="product_id" constraintName="FKDA3BB298DED5FAE7" referencedTableName="product" referencedColumnNames="id"/></changeSet>
	<changeSet author="jmiranda" failOnError="false" id="1323722127173-160"><addForeignKeyConstraint baseTableName="shipment_method" baseColumnNames="shipper_service_id" constraintName="FK40203B26296B2CA3" referencedTableName="shipper_service" referencedColumnNames="id"/></changeSet>
	<changeSet author="jmiranda" failOnError="false" id="1323722127173-161"><addForeignKeyConstraint baseTableName="shipment_method" baseColumnNames="shipper_id" constraintName="FK40203B263896C98E" referencedTableName="shipper" referencedColumnNames="id"/></changeSet>
	<changeSet author="jmiranda" failOnError="false" id="1323722127173-162"><addForeignKeyConstraint baseTableName="shipment_reference_number" baseColumnNames="reference_number_id" constraintName="FK312F6C292388BC5" referencedTableName="reference_number" referencedColumnNames="id"/></changeSet>
	<changeSet author="jmiranda" failOnError="false" id="1323722127173-163"><addForeignKeyConstraint baseTableName="shipment_workflow" baseColumnNames="shipment_type_id" constraintName="FKD584C4C4FF77FF9B" referencedTableName="shipment_type" referencedColumnNames="id"/></changeSet>
	<changeSet author="jmiranda" failOnError="false" id="1323722127173-164"><addForeignKeyConstraint baseTableName="shipment_workflow_container_type" baseColumnNames="container_type_id" constraintName="FKDEF5AD1317A6E251" referencedTableName="container_type" referencedColumnNames="id"/></changeSet>
	<changeSet author="jmiranda" failOnError="false" id="1323722127173-165"><addForeignKeyConstraint baseTableName="shipment_workflow_reference_number_type" baseColumnNames="reference_number_type_id" constraintName="FK4BB27241154F600" referencedTableName="reference_number_type" referencedColumnNames="id"/></changeSet>
	<changeSet author="jmiranda" failOnError="false" id="1323722127173-166"><addForeignKeyConstraint baseTableName="shipper_service" baseColumnNames="shipper_id" constraintName="FKDF7559D73896C98E" referencedTableName="shipper" referencedColumnNames="id"/></changeSet>
	<changeSet author="jmiranda" failOnError="false" id="1323722127173-167"><addForeignKeyConstraint baseTableName="transaction" baseColumnNames="inventory_id" constraintName="FK7FA0D2DE72A2C5B4" referencedTableName="inventory" referencedColumnNames="id"/></changeSet>
	<changeSet author="jmiranda" failOnError="false" id="1323722127173-168"><addForeignKeyConstraint baseTableName="transaction" baseColumnNames="destination_id" constraintName="FK7FA0D2DE1E2B3CDC" referencedTableName="location" referencedColumnNames="id"/></changeSet>
	<changeSet author="jmiranda" failOnError="false" id="1323722127173-169"><addForeignKeyConstraint baseTableName="transaction" baseColumnNames="created_by_id" constraintName="FK7FA0D2DE217F5972" referencedTableName="user" referencedColumnNames="id"/></changeSet>
	<changeSet author="jmiranda" failOnError="false" id="1323722127173-170"><addForeignKeyConstraint baseTableName="transaction" baseColumnNames="confirmed_by_id" constraintName="FK7FA0D2DE3265A8A9" referencedTableName="user" referencedColumnNames="id"/></changeSet>
	<changeSet author="jmiranda" failOnError="false" id="1323722127173-171"><addForeignKeyConstraint baseTableName="transaction" baseColumnNames="source_id" constraintName="FK7FA0D2DE828481AF" referencedTableName="location" referencedColumnNames="id"/></changeSet>
	<changeSet author="jmiranda" failOnError="false" id="1323722127173-172"><addForeignKeyConstraint baseTableName="transaction" baseColumnNames="transaction_type_id" constraintName="FK7FA0D2DEB3FB7111" referencedTableName="transaction_type" referencedColumnNames="id"/></changeSet>
	<changeSet author="jmiranda" failOnError="false" id="1323722127173-173"><addForeignKeyConstraint baseTableName="transaction_entry" baseColumnNames="transaction_id" constraintName="FKABC21FD12EF4C7F4" referencedTableName="transaction" referencedColumnNames="id"/></changeSet>
	<changeSet author="jmiranda" failOnError="false" id="1323722127173-174"><addForeignKeyConstraint baseTableName="transaction_entry" baseColumnNames="inventory_item_id" constraintName="FKABC21FD1AA992CED" referencedTableName="inventory_item" referencedColumnNames="id"/></changeSet>
	<changeSet author="jmiranda" failOnError="false" id="1323722127173-175"><addForeignKeyConstraint baseTableName="user" baseColumnNames="manager_id" constraintName="FK36EBCB41E07A73" referencedTableName="user" referencedColumnNames="id"/></changeSet>
	<changeSet author="jmiranda" failOnError="false" id="1323722127173-176"><addForeignKeyConstraint baseTableName="user" baseColumnNames="warehouse_id" constraintName="FK36EBCB1F28CE07" referencedTableName="location" referencedColumnNames="id"/></changeSet>
	<changeSet author="jmiranda" failOnError="false" id="1323722127173-177"><addForeignKeyConstraint baseTableName="user_role" baseColumnNames="user_id" constraintName="FK143BF46AA462C195" referencedTableName="user" referencedColumnNames="id"/></changeSet>
	<changeSet author="jmiranda" failOnError="false" id="1323722127173-178"><addForeignKeyConstraint baseTableName="user_role" baseColumnNames="role_id" constraintName="FK143BF46AFF37FDB5" referencedTableName="role" referencedColumnNames="id"/></changeSet>	

    <changeSet author="jmiranda" id="enable-foreign-key-checks" runAlways="true" dbms="mysql">
		<sql>SET FOREIGN_KEY_CHECKS=1</sql>
    </changeSet>
	

</databaseChangeLog>

