<?xml version="1.0" encoding="UTF-8"?>
<databaseChangeLog
    xmlns="http://www.liquibase.org/xml/ns/dbchangelog/1.9"
    xmlns:xsi="http://www.w3.org/2001/XMLSchema-instance" xsi:schemaLocation="http://www.liquibase.org/xml/ns/dbchangelog/1.9 http://www.liquibase.org/xml/ns/dbchangelog/dbchangelog-1.9.xsd">
    <changeSet author="jmiranda (generated)" id="1281756711050-1">    	
		<preConditions onFail="MARK_RAN">
			<not><columnExists tableName="document" columnName="extension" /></not>
		</preConditions>    	
        <addColumn tableName="document">
            <column name="extension" type="VARCHAR(255)"/>
        </addColumn>
    </changeSet>
    <changeSet author="jmiranda (generated)" id="1281756711050-2">
		<preConditions onFail="MARK_RAN">
			<not><columnExists tableName="document" columnName="new_field" /></not>
		</preConditions> 
		<addColumn tableName="document">
            <column name="new_field" type="VARCHAR(255)"/>
        </addColumn>
    </changeSet>
</databaseChangeLog>