<?xml version="1.0" encoding="UTF-8" standalone="no"?>
<databaseChangeLog xmlns="http://www.liquibase.org/xml/ns/dbchangelog/1.9" xmlns:xsi="http://www.w3.org/2001/XMLSchema-instance" xsi:schemaLocation="http://www.liquibase.org/xml/ns/dbchangelog/1.9 http://www.liquibase.org/xml/ns/dbchangelog/dbchangelog-1.9.xsd">
	<!-- Add new column, move data, drop old column -->
	<changeSet author="jmiranda (generated)" id="1282602202381-1">
		<addColumn tableName="shipment_method">
			<column name="shipper_service_id" type="BIGINT"/>
		</addColumn>
	</changeSet>
    <changeSet author="jmiranda" id="1282602202381-2">
		<sql>
			UPDATE shipment_method SET shipper_service_id = shipment_service_id;
		</sql>
    </changeSet>
    <changeSet author="jmiranda (generated)" id="1282602202381-3">
        <dropColumn columnName="shipment_service_id" tableName="shipment_method"/>
    </changeSet>
	
	<!-- Add new column, move data, drop old column -->
    <changeSet author="jmiranda (generated)" id="1282602202381-4">
        <addColumn tableName="shipment_method">
            <column name="shipper_id" type="BIGINT"/>
        </addColumn>
    </changeSet>
    <changeSet author="jmiranda" id="1282602202381-5">
		<sql>
			UPDATE shipment_method SET shipper_id = carrier_id;
		</sql>
    </changeSet>
    <changeSet author="jmiranda (generated)" id="1282602202381-6">
        <dropColumn columnName="carrier_id" tableName="shipment_method"/>
    </changeSet>
    
    <!--  Needed to converted these into autocrement columns because they used to extend the Organization class (which is now gone) -->
   <changeSet author="jmiranda (generated)" id="1282602202381-7">
        <modifyColumn tableName="donor">
            <column name="id" autoIncrement="true" type="BIGINT"/>
        </modifyColumn>
    </changeSet>    
   <changeSet author="jmiranda (generated)" id="1282602202381-8">
        <modifyColumn tableName="shipper">
            <column name="id" autoIncrement="true" type="BIGINT"/>
        </modifyColumn>
    </changeSet>    
    
	
</databaseChangeLog>

