<?xml version="1.0" encoding="UTF-8"?>
<databaseChangeLog xmlns="http://www.liquibase.org/xml/ns/dbchangelog/1.9"
	xmlns:xsi="http://www.w3.org/2001/XMLSchema-instance"
	xsi:schemaLocation="http://www.liquibase.org/xml/ns/dbchangelog/1.9 http://www.liquibase.org/xml/ns/dbchangelog/dbchangelog-1.9.xsd">

	<changeSet author="jmiranda (generated)" id="1359144266832-1">
		<preConditions onFail="MARK_RAN">
			<not>
				<columnExists tableName="transaction" columnName="requisition_id" />
			</not>
		</preConditions>	
		<addColumn tableName="transaction">
			<column name="requisition_id" type="CHAR(38)" />
		</addColumn>
	</changeSet>

</databaseChangeLog>
