<?xml version="1.0" encoding="UTF-8"?>
<databaseChangeLog xmlns="http://www.liquibase.org/xml/ns/dbchangelog/1.9" xmlns:xsi="http://www.w3.org/2001/XMLSchema-instance" xsi:schemaLocation="http://www.liquibase.org/xml/ns/dbchangelog/1.9 http://www.liquibase.org/xml/ns/dbchangelog/dbchangelog-1.9.xsd">
    <changeSet author="jmiranda (generated)" id="1366996290082-1">
        <preConditions onFail="MARK_RAN">
            <not>
                <columnExists tableName="requisition_item" columnName="requisition_item_type" />
            </not>
        </preConditions>
        <addColumn tableName="requisition_item">
            <column name="requisition_item_type" type="VARCHAR(255)" />
        </addColumn>
    </changeSet>
</databaseChangeLog>