<?xml version="1.0" encoding="UTF-8"?>
<databaseChangeLog xmlns="http://www.liquibase.org/xml/ns/dbchangelog/1.9" xmlns:xsi="http://www.w3.org/2001/XMLSchema-instance" xsi:schemaLocation="http://www.liquibase.org/xml/ns/dbchangelog/1.9 http://www.liquibase.org/xml/ns/dbchangelog/dbchangelog-1.9.xsd">
    <changeSet author="jmiranda (generated)" id="1368103942029-1">
        <preConditions onFail="MARK_RAN">
            <not>
                <columnExists tableName="requisition" columnName="reviewed_by_id" />
            </not>
        </preConditions>
        <addColumn tableName="requisition">
            <column name="reviewed_by_id" type="CHAR(38)">
                <constraints nullable="true" />
            </column>
        </addColumn>
    </changeSet>
    <changeSet author="jmiranda (generated)" id="1368103942029-2">
        <preConditions onFail="MARK_RAN">
            <not>
                <columnExists tableName="requisition" columnName="date_reviewed" />
            </not>
        </preConditions>
        <addColumn tableName="requisition">
            <column name="date_reviewed" type="DATETIME">
                <constraints nullable="true"/>
            </column>
        </addColumn>
    </changeSet>
</databaseChangeLog>
