<?xml version="1.0" encoding="UTF-8"?>
<databaseChangeLog xmlns="http://www.liquibase.org/xml/ns/dbchangelog/1.9"
                   xmlns:xsi="http://www.w3.org/2001/XMLSchema-instance"
                   xsi:schemaLocation="http://www.liquibase.org/xml/ns/dbchangelog/1.9 http://www.liquibase.org/xml/ns/dbchangelog/dbchangelog-1.9.xsd">
    <changeSet author="adminuser (generated)" id="1351524646228-1">
        <addColumn tableName="requisition">
            <column name="requested_delivery_date" type="DATETIME">
                <constraints nullable="false"/>
            </column>
        </addColumn>
    </changeSet>
    <changeSet author="adminuser (generated)" id="1351524646228-2">
        <addNotNullConstraint columnDataType="DATETIME" columnName="date_requested" defaultNullValue=""
                              tableName="requisition"/>
    </changeSet>
</databaseChangeLog>