<?xml version="1.0" encoding="UTF-8"?>
<databaseChangeLog xmlns="http://www.liquibase.org/xml/ns/dbchangelog/1.9"
	xmlns:xsi="http://www.w3.org/2001/XMLSchema-instance"
	xsi:schemaLocation="http://www.liquibase.org/xml/ns/dbchangelog/1.9 http://www.liquibase.org/xml/ns/dbchangelog/dbchangelog-1.9.xsd">
	
	<changeSet author="jmiranda (generated)" id="1352314118208-1">
		<preConditions onFail="MARK_RAN">
			<not>
				<columnExists tableName="requisition_item" columnName="requisition_items_idx"/>
			</not>
		</preConditions>
        <addColumn tableName="requisition_item">
            <column name="requisition_items_idx" type="INT"/>
        </addColumn>
    </changeSet>	
	
</databaseChangeLog>
