<?xml version="1.0" encoding="UTF-8"?>
<databaseChangeLog xmlns="http://www.liquibase.org/xml/ns/dbchangelog/1.9"
                   xmlns:xsi="http://www.w3.org/2001/XMLSchema-instance"
                   xsi:schemaLocation="http://www.liquibase.org/xml/ns/dbchangelog/1.9 http://www.liquibase.org/xml/ns/dbchangelog/dbchangelog-1.9.xsd">
    <changeSet author="Stephen (generated)" id="1352217003342-1">
        <addColumn tableName="requisition_item">
            <column name="order_index" type="INT"/>
        </addColumn>
    </changeSet>
    <changeSet author="Stephen (generated)" id="1352217003342-2">
        <addColumn tableName="requisition_item">
            <column name="recipient" type="VARCHAR(255)"/>
        </addColumn>
    </changeSet>
    <changeSet author="Stephen (generated)" id="1352217003342-3">
        <dropForeignKeyConstraint baseTableName="requisition_item" constraintName="requisition_item_ibfk_1"/>
    </changeSet>
</databaseChangeLog>