<?xml version="1.0" encoding="UTF-8"?>
<databaseChangeLog xmlns="http://www.liquibase.org/xml/ns/dbchangelog/1.9" 
	xmlns:xsi="http://www.w3.org/2001/XMLSchema-instance" 
	xsi:schemaLocation="http://www.liquibase.org/xml/ns/dbchangelog/1.9 http://www.liquibase.org/xml/ns/dbchangelog/dbchangelog-1.9.xsd">
	<changeSet author="jmiranda (generated)" id="1361914509980-1">
		<preConditions onFail="MARK_RAN">
    		<not>
    			<columnExists tableName="requisition" columnName="parent_requisition_item_id"/>
			</not>
    	</preConditions>	
		<addColumn tableName="requisition_item">
			<column name="parent_requisition_item_id" type="CHAR(38)">
				<constraints nullable="true"/>
			</column>
		</addColumn>
	</changeSet>
</databaseChangeLog>