<?xml version="1.0" encoding="UTF-8"?>
<databaseChangeLog xmlns="http://www.liquibase.org/xml/ns/dbchangelog/1.9"
                   xmlns:xsi="http://www.w3.org/2001/XMLSchema-instance"
                   xsi:schemaLocation="http://www.liquibase.org/xml/ns/dbchangelog/1.9 http://www.liquibase.org/xml/ns/dbchangelog/dbchangelog-1.9.xsd">
    <changeSet author="jmiranda (generated)" id="1365685417983-1">
        <preConditions onFail="MARK_RAN">
            <not>
                <tableExists tableName="reason_code"/>
            </not>
        </preConditions>
        <createTable tableName="reason_code">
            <column autoIncrement="false" name="id" type="CHAR(38)">
                <constraints nullable="false" primaryKey="true" />
            </column>
            <column name="version" type="BIGINT">
                <constraints nullable="false" />
            </column>
            <column name="code" type="VARCHAR(250)">
                <constraints nullable="false" />
            </column>
            <column name="name" type="VARCHAR(255)">
                <constraints nullable="false" />
            </column>
            <column name="description" type="VARCHAR(2000)">
                <constraints nullable="false" />
            </column>
            <column name="date_created" type="DATETIME">
                <constraints nullable="false" />
            </column>
            <column name="last_updated" type="DATETIME">
                <constraints nullable="false" />
            </column>
        </createTable>
    </changeSet>
</databaseChangeLog>
