<?xml version="1.0" encoding="UTF-8"?>
<databaseChangeLog xmlns="http://www.liquibase.org/xml/ns/dbchangelog/1.9"
    xmlns:xsi="http://www.w3.org/2001/XMLSchema-instance"
    xsi:schemaLocation="http://www.liquibase.org/xml/ns/dbchangelog/1.9 http://www.liquibase.org/xml/ns/dbchangelog/dbchangelog-1.9.xsd">
    <changeSet author="jmiranda" id="1364502674517-1">
        <insert tableName="role">
            <column name="id" value="4"/>
            <column name="version" valueNumeric="0"/>
            <column name="description"/>
            <column name="role_type" value="ROLE_ASSISTANT"/>
        </insert>
    </changeSet>
</databaseChangeLog>