<?xml version="1.0" encoding="UTF-8"?>
<databaseChangeLog xmlns="http://www.liquibase.org/xml/ns/dbchangelog/1.9"
	xmlns:xsi="http://www.w3.org/2001/XMLSchema-instance"
	xsi:schemaLocation="http://www.liquibase.org/xml/ns/dbchangelog/1.9 http://www.liquibase.org/xml/ns/dbchangelog/dbchangelog-1.9.xsd">

	<changeSet author="jmiranda (generated)" id="1351716649757-1">
		<preConditions>
			<columnExists tableName="product" columnName="description"/>
		</preConditions>
		<modifyColumn tableName="product">
			<column name="description" type="MEDIUMTEXT" />
		</modifyColumn>
	</changeSet>
</databaseChangeLog>