<?xml version="1.0" encoding="UTF-8"?><databaseChangeLog xmlns="http://www.liquibase.org/xml/ns/dbchangelog/1.9" xmlns:xsi="http://www.w3.org/2001/XMLSchema-instance" xsi:schemaLocation="http://www.liquibase.org/xml/ns/dbchangelog/1.9 http://www.liquibase.org/xml/ns/dbchangelog/dbchangelog-1.9.xsd">
    <changeSet author="Stephen (generated)" id="1353012696384-1">
        <addColumn tableName="picklist_item">
            <column name="picklist_items_idx" type="INT"/>
        </addColumn>
    </changeSet>
    <changeSet author="Stephen (generated)" id="1353012696384-2">
        <dropColumn columnName="picklist_item_idx" tableName="picklist_item"/>
    </changeSet>
</databaseChangeLog>