<?xml version="1.0" encoding="UTF-8"?>
<databaseChangeLog xmlns="http://www.liquibase.org/xml/ns/dbchangelog/1.9"
	xmlns:xsi="http://www.w3.org/2001/XMLSchema-instance"
	xsi:schemaLocation="http://www.liquibase.org/xml/ns/dbchangelog/1.9 http://www.liquibase.org/xml/ns/dbchangelog/dbchangelog-1.9.xsd">

 
	<changeSet author="jmiranda" id="1327591155937-1">
		<preConditions onFail="MARK_RAN">
			<sqlCheck expectedResult="0">
				<![CDATA[SELECT count(*) FROM reference_number_type WHERE name="License Plate Number"]]>
			</sqlCheck>
		</preConditions>
		<insert tableName="reference_number_type">
			<column name="id" valueNumeric="9" />
			<column name="name" value="License Plate Number" />
			<column name="description" value="License Plate Number|fr:Plaque" />
			<column name="sort_order" valueNumeric="0" />
			<column name="version" valueNumeric="0" />
			<column name="date_created" valueDate="2012-01-26" />
			<column name="last_updated" valueDate="2012-01-26" />
		</insert>
	</changeSet>
	<changeSet author="jmiranda" id="1327591155937-2">
		<preConditions onFail="MARK_RAN">
			<sqlCheck expectedResult="0">
				<![CDATA[SELECT count(*) FROM shipment_workflow WHERE id = 4]]>
			</sqlCheck>
		</preConditions>
         <insert tableName="shipment_workflow">
        	<column name="id" valueNumeric="4"/>
        	<column name="name" value="Land shipment workflow"/>
        	<column name="shipment_type_id" valueNumeric="3"/>
            <column name="version" valueNumeric="0"/>
			<column name="date_created" valueDate="2012-01-26"/>
            <column name="last_updated" valueDate="2012-01-26"/>            
        </insert>   
	</changeSet>
	<changeSet author="jmiranda" id="1327591155937-3">
		<preConditions onFail="MARK_RAN">
			<sqlCheck expectedResult="0">
				<![CDATA[
					SELECT count(*) 
					FROM shipment_workflow_reference_number_type 
					WHERE shipment_workflow_reference_number_types_id=4 AND reference_number_type_id=9
				]]>
			</sqlCheck>
		</preConditions>
		<insert tableName="shipment_workflow_reference_number_type">
			<column name="shipment_workflow_reference_number_types_id" valueNumeric="4" />
			<column name="reference_number_type_id" valueNumeric="9" />
			<column name="reference_number_types_idx" valueNumeric="0" />
		</insert>	
	</changeSet>
	<changeSet author="jmiranda" id="1327591155937-4">
		<preConditions onFail="MARK_RAN">
			<not>
				<columnExists tableName="transaction" columnName="incoming_shipment_id"/>
			</not>
		</preConditions>
		<addColumn tableName="transaction">
			<column name="incoming_shipment_id" type="char(38)"/>
		</addColumn>	
	</changeSet>
	<changeSet author="jmiranda" id="1327591155937-5">
		<preConditions onFail="MARK_RAN">
			<not>
				<columnExists tableName="transaction" columnName="outgoing_shipment_id"/>
			</not>
		</preConditions>
		<addColumn tableName="transaction">
			<column name="outgoing_shipment_id" type="char(38)"/>
		</addColumn>	
	</changeSet>
	<changeSet author="jmiranda" id="1327591155937-6">
		<preConditions onFail="MARK_RAN">
			<not>
				<columnExists tableName="receipt_item" columnName="shipment_item_id"/>
			</not>
		</preConditions>
		<addColumn tableName="receipt_item">
			<column name="shipment_item_id" type="char(38)"/>
		</addColumn>	
	</changeSet>
	<changeSet author="jmiranda" id="1327591155937-7">
		<preConditions onFail="MARK_RAN">
			<not>
				<columnExists tableName="receipt_item" columnName="inventory_item_id"/>
			</not>
		</preConditions>
		<addColumn tableName="receipt_item">
			<column name="inventory_item_id" type="char(38)"/>
		</addColumn>	
	</changeSet>
	<changeSet author="jmiranda" id="1327591155937-8">
		<preConditions onFail="MARK_RAN">
			<not>
				<columnExists tableName="user" columnName="remember_last_location"/>
			</not>
		</preConditions>
		<addColumn tableName="user">
			<column name="remember_last_location" type="BIT(1)"/>
		</addColumn>	
	</changeSet>
	<changeSet author="jmiranda" id="1327591155937-9">
		<preConditions onFail="MARK_RAN">
			<not>
				<columnExists tableName="shipment_item" columnName="inventory_item_id"/>
			</not>
		</preConditions>
		<addColumn tableName="shipment_item">
			<column name="inventory_item_id" type="char(38)"/>
		</addColumn>	
	</changeSet>

	<changeSet author="jmiranda" id="1327591155937-10">
		<preConditions onFail="MARK_RAN">
			<indexExists indexName="email"/>
		</preConditions>
		<dropUniqueConstraint tableName="person" constraintName="email"/>
	</changeSet>


	<changeSet author="jmiranda" id="1327591155937-11">
		<preConditions onFail="MARK_RAN">
			<not>
				<tableExists tableName="product_document"/>
			</not>
		</preConditions>
		<createTable tableName="product_document">
            <column name="product_id" type="BIGINT"/>
            <column name="document_id" type="BIGINT"/>
		</createTable>
	</changeSet>
	
	<changeSet author="jmiranda" id="1321565252310-142">
		<comment>Oops.  These fields should be CHAR(38) in order to support UUID.</comment>
		<modifyColumn tableName="product_document"><column name="product_id" type="CHAR(38)"></column></modifyColumn>
		<modifyColumn tableName="product_document"><column name="document_id" type="CHAR(38)"></column></modifyColumn>
	</changeSet>
	<changeSet author="jmiranda" id="1327591155937-12">
		<preConditions onFail="MARK_RAN">
			<not>
				<tableExists tableName="product_group"/>
			</not>
		</preConditions>
		<createTable tableName="product_group">
            <column name="id" type="CHAR(38)"/>
            <column name="description" type="VARCHAR(255)"/>
            <column name="version" type="BIGINT">
                <constraints nullable="false"/>
            </column>
            <column name="date_created" type="DATETIME">
                <constraints nullable="false"/>
            </column>
            <column name="last_updated" type="DATETIME">
                <constraints nullable="false"/>
            </column>            
		</createTable>
	</changeSet>
		
	<changeSet author="jmiranda" id="1327591155937-13">
		<preConditions onFail="MARK_RAN">
			<not>
				<tableExists tableName="product_group_product"/>
			</not>
		</preConditions>
		<createTable tableName="product_group_product">
            <column name="product_group_id" type="CHAR(38)"/>
            <column name="product_id" type="CHAR(38)"/>
		</createTable>
	</changeSet>
	
	<changeSet author="jmiranda" id="1327591155937-14">
		<preConditions onFail="MARK_RAN">
			<not>
				<columnExists tableName="product_group" columnName="category_id"/>
			</not>
		</preConditions>
		<addColumn tableName="product_group">
			<column name="category_id" type="CHAR(38)"/>
		</addColumn>	
	</changeSet>
									 
	<changeSet author="jmiranda" id="1327591155937-15">
		<preConditions onFail="MARK_RAN">
			<not>
				<columnExists tableName="product_group_product" columnName="products_idx"/>
			</not>
		</preConditions>
        <addColumn tableName="product_group_product">
            <column name="products_idx" type="INT"/>
        </addColumn>
	</changeSet>		
	
	
	<changeSet author="jmiranda" id="1343076976138-1">
		<preConditions onFail="MARK_RAN">
			<not>
				<columnExists tableName="transaction" columnName="updated_by_id"/>
			</not>
		</preConditions>
	    <addColumn tableName="transaction">    
            <column name="updated_by_id" type="CHAR(38)" />
	    </addColumn>
    </changeSet>
		
	<changeSet author="jmiranda" id="1343076976138-2">
		<preConditions onFail="MARK_RAN">
			<not>
				<columnExists tableName="product" columnName="created_by_id"/>
			</not>
		</preConditions>
	    <addColumn tableName="product">    
            <column name="created_by_id" type="CHAR(38)"/>
	    </addColumn>
    </changeSet>
	<changeSet author="jmiranda" id="1343076976138-3">
		<preConditions onFail="MARK_RAN">
			<not>
				<columnExists tableName="product" columnName="updated_by_id"/>
			</not>
		</preConditions>
	    <addColumn tableName="product">    
            <column name="updated_by_id" type="CHAR(38)"/>
	    </addColumn>
    </changeSet>

	<changeSet author="jmiranda" id="1343076976138-4">
		<preConditions onFail="MARK_RAN">
			<columnExists tableName="comment" columnName="comment"/>
		</preConditions>
		<modifyColumn tableName="comment">
		    <column name="comment" type="TEXT"></column>		    
		</modifyColumn>
    </changeSet>
    
	<!-- Product package data model changes -->
	<changeSet author="jmiranda" id="1343270221371-1">
		<preConditions onFail="MARK_RAN">
		    <not>
				<columnExists tableName="unit_of_measure" columnName="uom_class_id"/>
			</not>
		</preConditions>
		<addColumn tableName="unit_of_measure">
		    <column name="uom_class_id" type="CHAR(38)"/>
		</addColumn>    	    
	</changeSet>
	
	<changeSet author="jmiranda" id="1343270221371-2">
		<preConditions onFail="MARK_RAN">
			<not>
				<tableExists tableName="unit_of_measure_class"/>
			</not>
		</preConditions>
		<createTable tableName="unit_of_measure_class">
            <column name="id" type="CHAR(38)"/>
            <column name="active" type="BIT(1)" defaultValueBoolean="true"/>
            <column name="name" type="VARCHAR(255)"/>
            <column name="code" type="VARCHAR(255)"/>
            <column name="description" type="VARCHAR(255)"/>
		    <column name="base_uom_id" type="CHAR(38)"/>
            <column name="version" type="BIGINT">
                <constraints nullable="false"/>
            </column>
            <column name="date_created" type="DATETIME">
                <constraints nullable="false"/>
            </column>
            <column name="last_updated" type="DATETIME">
                <constraints nullable="false"/>
            </column>            
            
		</createTable>	    
	</changeSet>
	
	<changeSet author="jmiranda" id="1343270221371-3">
		<preConditions onFail="MARK_RAN">
			<not>
				<tableExists tableName="product_package"/>
			</not>
		</preConditions>
		<createTable tableName="product_package">
            <column name="id" type="CHAR(38)"/>
            <column name="name" type="VARCHAR(255)"/>
			<column name="gtin" type="VARCHAR(255)"/>
            <column name="description" type="VARCHAR(255)"/>
		    <column name="uom_id" type="CHAR(38)"/>
            <column name="product_id" type="CHAR(38)"/>
		    <column name="version" type="BIGINT">
                <constraints nullable="false"/>
            </column>
            <column name="date_created" type="DATETIME">
                <constraints nullable="false"/>
            </column>
            <column name="last_updated" type="DATETIME">
                <constraints nullable="false"/>
            </column>            
            
		</createTable>	    
	</changeSet>
				
	<changeSet author="jmiranda" id="1343270221371-4">
		<preConditions onFail="MARK_RAN">
		    <not>
				<columnExists tableName="product" columnName="default_uom_id"/>
			</not>
		</preConditions>
		<addColumn tableName="product">
		    <column name="default_uom_id" type="CHAR(38)"/>
		</addColumn>    	    
	</changeSet>	
	
	<changeSet author="jmiranda" id="1343270221371-5">
		<preConditions onFail="MARK_RAN">
		    <not>
				<columnExists tableName="unit_of_measure_class" columnName="type"/>
			</not>
		</preConditions>
		<addColumn tableName="unit_of_measure_class">
		    <column name="type" type="VARCHAR(255)"/>
		</addColumn>    	    
	</changeSet>	
			
	
	<changeSet author="jmiranda" id="1343270221371-6">
		<preConditions onFail="MARK_RAN">
		    <not>
				<columnExists tableName="unit_of_measure" columnName="date_created"/>
			</not>
		</preConditions>
		<addColumn tableName="unit_of_measure">
		    <column name="date_created" type="DATETIME">
                <constraints nullable="false"/>
            </column>
		</addColumn>    	    
	</changeSet>		
	<changeSet author="jmiranda" id="1343270221371-7">
		<preConditions onFail="MARK_RAN">
		    <not>
				<columnExists tableName="unit_of_measure" columnName="last_updated"/>
			</not>
		</preConditions>
		<addColumn tableName="unit_of_measure">
		    <column name="last_updated" type="DATETIME">
                <constraints nullable="false"/>
            </column>      
		</addColumn>    	    
	</changeSet>		
	<changeSet author="jmiranda" id="1343270221371-8">
		<preConditions onFail="MARK_RAN">
			<not>
				<columnExists tableName="unit_of_measure" columnName="created_by_id"/>
			</not>
		</preConditions>
	    <addColumn tableName="unit_of_measure">    
            <column name="created_by_id" type="CHAR(38)"/>
	    </addColumn>
    </changeSet>
	<changeSet author="jmiranda" id="1343270221371-9">
		<preConditions onFail="MARK_RAN">
			<not>
				<columnExists tableName="unit_of_measure" columnName="updated_by_id"/>
			</not>
		</preConditions>
	    <addColumn tableName="unit_of_measure">    
            <column name="updated_by_id" type="CHAR(38)"/>
	    </addColumn>
    </changeSet>	
	<changeSet author="jmiranda" id="1343270221371-10">
		<preConditions onFail="MARK_RAN">
			<not>
				<columnExists tableName="unit_of_measure_class" columnName="created_by_id"/>
			</not>
		</preConditions>
	    <addColumn tableName="unit_of_measure_class">    
            <column name="created_by_id" type="CHAR(38)"/>
	    </addColumn>
    </changeSet>
	<changeSet author="jmiranda" id="1343270221371-11">
		<preConditions onFail="MARK_RAN">
			<not>
				<columnExists tableName="unit_of_measure_class" columnName="updated_by_id"/>
			</not>
		</preConditions>
	    <addColumn tableName="unit_of_measure_class">    
            <column name="updated_by_id" type="CHAR(38)"/>
	    </addColumn>
    </changeSet>		
	<changeSet author="jmiranda" id="1343270221371-12">
		<preConditions onFail="MARK_RAN">
			<not>
				<columnExists tableName="product_package" columnName="created_by_id"/>
			</not>
		</preConditions>
	    <addColumn tableName="product_package">    
            <column name="created_by_id" type="CHAR(38)"/>
	    </addColumn>
    </changeSet>
	<changeSet author="jmiranda" id="1343270221371-13">
		<preConditions onFail="MARK_RAN">
			<not>
				<columnExists tableName="product_package" columnName="updated_by_id"/>
			</not>
		</preConditions>
	    <addColumn tableName="product_package">    
            <column name="updated_by_id" type="CHAR(38)"/>
	    </addColumn>
    </changeSet>	    
	<changeSet author="jmiranda" id="1343270221371-14">
		<preConditions onFail="MARK_RAN">
			<columnExists tableName="unit_of_measure" columnName="type"/>
		</preConditions>
		<dropColumn tableName="unit_of_measure" columnName="type"/>
    </changeSet>	    
	<changeSet author="jmiranda" id="1343270221371-15">
		<preConditions onFail="MARK_RAN">
		    <not>
				<columnExists tableName="product_package" columnName="quantity"/>
			</not>
		</preConditions>
	    <addColumn tableName="product_package">    
            <column name="quantity" type="INT">
                <constraints nullable="false"/>
            </column>
	    </addColumn>		            
	</changeSet>	    
			
	
	<changeSet author="jmiranda" id="1345507725073-1">
		<preConditions onFail="MARK_RAN">
			<not>
				<columnExists tableName="request" columnName="created_by_id"/>
			</not>
		</preConditions>
	    <addColumn tableName="request">    
            <column name="created_by_id" type="CHAR(38)"/>
	    </addColumn>
    </changeSet>	
    
	<changeSet author="jmiranda" id="1345507725073-2">
		<preConditions onFail="MARK_RAN">
			<not>
				<columnExists tableName="request" columnName="updated_by_id"/>
			</not>
		</preConditions>
	    <addColumn tableName="request">    
            <column name="updated_by_id" type="CHAR(38)"/>
	    </addColumn>
    </changeSet>		
	
	<changeSet author="jmiranda" id="1345507725073-3">
		<preConditions onFail="MARK_RAN">
			<not>
				<columnExists tableName="request" columnName="name"/>
			</not>
		</preConditions>
	    <addColumn tableName="request">    
            <column name="name" type="VARCHAR(255)"/>
	    </addColumn>
    </changeSet>			
    
	<changeSet author="jmiranda" id="1345507725073-4">
		<preConditions onFail="MARK_RAN">
			<not>
				<columnExists tableName="request" columnName="date_valid_from"/>
			</not>
		</preConditions>
	    <addColumn tableName="request">		
			<column name="date_valid_from" type="DATETIME"/>
    	</addColumn>
    </changeSet>
	<changeSet author="jmiranda" id="1345507725073-5">
		<preConditions onFail="MARK_RAN">
			<not>
				<columnExists tableName="request" columnName="date_valid_to"/>
			</not>
		</preConditions>
	    <addColumn tableName="request">		
			<column name="date_valid_to" type="DATETIME"/>
    	</addColumn>
    </changeSet>
    
	<changeSet author="jmiranda (generated)" id="1345507725073-6">
		<preConditions onFail="MARK_RAN">
			<columnExists tableName="request" columnName="description"/>
		</preConditions>
        <dropNotNullConstraint columnDataType="VARCHAR(255)" columnName="description" tableName="request"/>
    </changeSet>
    
    <changeSet author="jmiranda" id="1345507725073-7">
		<preConditions onFail="MARK_RAN">
			<not>
				<columnExists tableName="request" columnName="recipient_program"/>
			</not>
		</preConditions>
	    <addColumn tableName="request">		
			<column name="recipient_program" type="VARCHAR(255)"/>
    	</addColumn>
    </changeSet>
	
	<changeSet author="jmiranda" id="1345507725073-8">
		<preConditions onFail="MARK_RAN">
			<not>
				<columnExists tableName="request_item" columnName="product_group_id"/>
			</not>
		</preConditions>
		<addColumn tableName="request_item">
			<column name="product_group_id" type="CHAR(38)"/>
		</addColumn>	
	</changeSet>    
    
	<changeSet author="jmiranda" id="1345507725073-9">
		<preConditions onFail="MARK_RAN">
			<not>
				<columnExists tableName="product_group" columnName="name"/>
			</not>
		</preConditions>
		<addColumn tableName="product_group">
			<column name="name" type="VARCHAR(255)"/>
		</addColumn>	
	</changeSet>    
    
	<changeSet author="jmiranda" id="1345507725073-10">
		<preConditions onFail="MARK_RAN">
			<not>
				<tableExists tableName="picklist"/>
			</not>
		</preConditions>
		<createTable tableName="picklist">
            <column name="id" type="CHAR(38)"/>
            <column name="name" type="VARCHAR(255)"/>
            <column name="description" type="VARCHAR(255)"/>
            <column name="request_id" type="CHAR(38)"/>
            <column name="picker_id" type="CHAR(38)"/>
            <column name="date_picked" type="DATETIME"/>
            
            <column name="version" type="BIGINT">
                <constraints nullable="false"/>
            </column>
            <column name="date_created" type="DATETIME">
                <constraints nullable="false"/>
            </column>
            <column name="last_updated" type="DATETIME">
                <constraints nullable="false"/>
            </column>            
            <column name="created_by_id" type="CHAR(38)"/>
            <column name="updated_by_id" type="CHAR(38)"/>
		</createTable>
	</changeSet>	
	<changeSet author="jmiranda" id="1345507725073-11">
		<preConditions onFail="MARK_RAN">
			<not>
				<tableExists tableName="picklist_item"/>
			</not>
		</preConditions>
		<createTable tableName="picklist_item">
            <column name="id" type="CHAR(38)"/>
            <column name="quantity" type="INT"/>
            <column name="picklist_id" type="CHAR(38)"/>
            <column name="request_item_id" type="CHAR(38)"/>
            <column name="inventory_item_id" type="CHAR(38)"/>
            <column name="version" type="BIGINT">
                <constraints nullable="false"/>
            </column>
            <column name="date_created" type="DATETIME">
                <constraints nullable="false"/>
            </column>
            <column name="last_updated" type="DATETIME">
                <constraints nullable="false"/>
            </column>            
            <column name="created_by_id" type="CHAR(38)"/>
            <column name="updated_by_id" type="CHAR(38)"/>
		</createTable>
	</changeSet>		
	
	<changeSet author="jmiranda" id="1345507725073-12">
		<preConditions onFail="MARK_RAN">
			<not>
				<columnExists tableName="picklist_item" columnName="status"/>
			</not>
		</preConditions>
		<addColumn tableName="picklist_item">
			<column name="status" type="VARCHAR(255)"/>
		</addColumn>	
	</changeSet>    	
	<changeSet author="jmiranda" id="1345507725073-13">
		<preConditions onFail="MARK_RAN">
			<not>
				<columnExists tableName="picklist_item" columnName="reason_code"/>
			</not>
		</preConditions>
		<addColumn tableName="picklist_item">
			<column name="reason_code" type="VARCHAR(255)"/>
		</addColumn>	
	</changeSet>    	
	<changeSet author="jmiranda" id="1345507725073-14">
		<preConditions onFail="MARK_RAN">
			<not>
				<columnExists tableName="picklist_item" columnName="comment"/>
			</not>
		</preConditions>
		<addColumn tableName="picklist_item">
			<column name="comment" type="VARCHAR(255)"/>
		</addColumn>	
	</changeSet>    			
	
	
</databaseChangeLog>