<?xml version="1.0" encoding="UTF-8"?>
<databaseChangeLog xmlns="http://www.liquibase.org/xml/ns/dbchangelog/1.9"
                   xmlns:xsi="http://www.w3.org/2001/XMLSchema-instance"
                   xsi:schemaLocation="http://www.liquibase.org/xml/ns/dbchangelog/1.9 http://www.liquibase.org/xml/ns/dbchangelog/dbchangelog-1.9.xsd">
    <changeSet author="jmiranda (generated)" id="1442206717583-1">
        <preConditions onFail="MARK_RAN">
            <not>
                <columnExists tableName="user" columnName="timezone"/>
            </not>
        </preConditions>
        <addColumn tableName="user">
            <column name="timezone" type="VARCHAR(255)">
                <constraints nullable="true" />
            </column>
        </addColumn>
	</changeSet>
</databaseChangeLog>
