<?xml version="1.0" encoding="UTF-8"?>
<databaseChangeLog xmlns="http://www.liquibase.org/xml/ns/dbchangelog/1.9"
                   xmlns:xsi="http://www.w3.org/2001/XMLSchema-instance"
                   xsi:schemaLocation="http://www.liquibase.org/xml/ns/dbchangelog/1.9 http://www.liquibase.org/xml/ns/dbchangelog/dbchangelog-1.9.xsd">

    <changeSet author="jmiranda" id="1521639415840-1">
        <preConditions>
            <columnExists tableName="product" columnName="active"/>
        </preConditions>

        <update tableName="product">
            <column name="active" valueBoolean="true"/>
            <where>active is null</where>
        </update>
    </changeSet>

</databaseChangeLog>