<?xml version="1.0" encoding="UTF-8"?>
<databaseChangeLog
    xmlns="http://www.liquibase.org/xml/ns/dbchangelog/1.9"
    xmlns:xsi="http://www.w3.org/2001/XMLSchema-instance" xsi:schemaLocation="http://www.liquibase.org/xml/ns/dbchangelog/1.9 http://www.liquibase.org/xml/ns/dbchangelog/dbchangelog-1.9.xsd">

    <include file="0.7.x/changelog-2016-05-04-2329-add-missing-primary-keys.xml"/>
    <include file="0.7.x/changelog-2016-05-04-2329-add-missing-foreign-key-constraints.xml"/>
    <include file="0.7.x/changelog-2017-03-01-1644-create-table-shipment-workflow-document-template.xml"/>
    <include file="0.7.x/changelog-2017-03-06-1953-add-shipping-document-templates.xml"/>
    <include file="0.7.x/changelog-2017-04-02-0025-bin-locations.xml"/>
    <include file="0.7.x/changelog-2017-04-17-1437-adjust-inventory-supported-activity.xml"/>
    <include file="0.7.x/changelog-2017-06-28-1250-refactor-product-group.xml"/>
    <include file="0.7.x/changelog-2017-06-28-2135-add-column-shipment-current-status.xml"/>
    <include file="0.7.x/changelog-2017-07-27-2321-insert-superuser-role.xml"/>
    <include file="0.7.x/changelog-2017-08-07-1344-insert-bin-location-type.xml"/>
    <include file="0.7.x/changelog-2017-09-15-2229-update-location-type.xml"/>
    <include file="0.7.x/changelog-2017-10-16-2101-update-requisition-type.xml"/>
    <include file="0.7.x/changelog-2018-03-21-0835-update-product-active.xml"/>
    <include file="0.7.x/changelog-2018-04-19-0020-configure-notification-roles.xml"/>


</databaseChangeLog>
