<?xml version="1.0" encoding="UTF-8"?>
<databaseChangeLog xmlns="http://www.liquibase.org/xml/ns/dbchangelog/1.9" xmlns:xsi="http://www.w3.org/2001/XMLSchema-instance" xsi:schemaLocation="http://www.liquibase.org/xml/ns/dbchangelog/1.9 http://www.liquibase.org/xml/ns/dbchangelog/dbchangelog-1.9.xsd">
    <changeSet author="jmiranda (generated)" id="1527740165368-1">
        <preConditions onFail="MARK_RAN">
            <sqlCheck expectedResult="0">
                SELECT COUNT(*) FROM party_type WHERE code = 'ORG';
            </sqlCheck>
        </preConditions>
        <insert tableName="party_type">
            <column name="id" value="1"/>
            <column name="version" valueNumeric="0"/>
            <column name="code" value="ORG"/>
            <column name="name" value="Organization"/>
            <column name="description" value="Organization"/>
            <column name="party_type_code" value="ORGANIZATION"/>
            <column name="date_created" valueDate="2018-03-06T00:00:00.0"/>
            <column name="last_updated" valueDate="2018-03-06T00:00:00.0"/>
        </insert>
    </changeSet>
    <changeSet author="jmiranda (generated)" id="1527740165368-2">
        <preConditions onFail="MARK_RAN">
            <sqlCheck expectedResult="0">
                SELECT COUNT(*) FROM party_type WHERE code = 'PERSON';
            </sqlCheck>
        </preConditions>
        <insert tableName="party_type">
            <column name="id" value="2"/>
            <column name="version" valueNumeric="0"/>
            <column name="code" value="PERSON"/>
            <column name="name" value="Person"/>
            <column name="description" value="Person"/>
            <column name="party_type_code" value="PERSON"/>
            <column name="date_created" valueDate="2018-03-06T00:00:00.0"/>
            <column name="last_updated" valueDate="2018-03-06T00:00:00.0"/>
        </insert>
    </changeSet>
</databaseChangeLog>
