<?xml version="1.0" encoding="UTF-8"?>
<databaseChangeLog xmlns="http://www.liquibase.org/xml/ns/dbchangelog/1.9"
                   xmlns:xsi="http://www.w3.org/2001/XMLSchema-instance"
                   xsi:schemaLocation="http://www.liquibase.org/xml/ns/dbchangelog/1.9 http://www.liquibase.org/xml/ns/dbchangelog/dbchangelog-1.9.xsd">

    <changeSet author="jmiranda" id="1536637889233-1">
        <preConditions onFail="MARK_RAN">
            <not>
                <columnExists tableName="receipt_item" columnName="quantity_canceled"/>
            </not>
        </preConditions>
        <addColumn tableName="receipt_item">
            <column name="quantity_canceled" type="INT">
                <constraints nullable="true"/>
            </column>
        </addColumn>
    </changeSet>

</databaseChangeLog>
