<?xml version="1.0" encoding="UTF-8"?>
<databaseChangeLog xmlns="http://www.liquibase.org/xml/ns/dbchangelog/1.9"
                   xmlns:xsi="http://www.w3.org/2001/XMLSchema-instance"
                   xsi:schemaLocation="http://www.liquibase.org/xml/ns/dbchangelog/1.9 http://www.liquibase.org/xml/ns/dbchangelog/dbchangelog-1.9.xsd">

    <changeSet author="jmiranda (generated)" id="1521772718242-1">
        <preConditions onFail="MARK_RAN">
            <not>
                <columnExists tableName="product" columnName="cost_per_unit"/>
            </not>
        </preConditions>
        <addColumn tableName="product">
            <column name="cost_per_unit" type="DECIMAL(19,4)">
                <constraints nullable="true"/>
            </column>
        </addColumn>
    </changeSet>

    <changeSet author="jmiranda (generated)" id="1521772718242-2">
        <preConditions onFail="MARK_RAN">
            <not>
                <columnExists tableName="product_supplier" columnName="unit_cost"/>
            </not>
        </preConditions>
        <addColumn tableName="product_supplier">
            <column name="unit_cost" type="DECIMAL(19,4)">
                <constraints nullable="true"/>
            </column>
        </addColumn>
    </changeSet>


</databaseChangeLog>
