<?xml version="1.0" encoding="UTF-8"?>
<databaseChangeLog xmlns="http://www.liquibase.org/xml/ns/dbchangelog/1.9"
                   xmlns:xsi="http://www.w3.org/2001/XMLSchema-instance"
                   xsi:schemaLocation="http://www.liquibase.org/xml/ns/dbchangelog/1.9 http://www.liquibase.org/xml/ns/dbchangelog/dbchangelog-1.9.xsd">

    <changeSet author="jmiranda (generated)" id="1520147365111-1">
        <validCheckSum>163d49c82ab8a752615f57117246990</validCheckSum>
        <preConditions onFail="MARK_RAN">
            <not>
                <tableExists tableName="product_association"/>
            </not>
        </preConditions>
        <createTable tableName="product_association">
            <column autoIncrement="false" name="id" type="CHAR(38)">
                <constraints nullable="false" primaryKey="true" />
            </column>
            <column name="code" type="VARCHAR(100)">
                <constraints nullable="false"/>
            </column>
            <column name="product_id" type="CHAR(38)">
                <constraints nullable="false"/>
            </column>
            <column name="associated_product_id" type="CHAR(38)">
                <constraints nullable="false"/>
            </column>
            <column name="quantity" type="DECIMAL(19,2)">
                <constraints nullable="false"/>
            </column>
            <column name="comments" type="VARCHAR(255)">
                <constraints nullable="true"/>
            </column>
            <column name="version" type="BIGINT">
                <constraints nullable="false"/>
            </column>
            <column name="date_created" type="DATETIME">
                <constraints nullable="false"/>
            </column>
            <column name="last_updated" type="DATETIME">
                <constraints nullable="false"/>
            </column>
        </createTable>
    </changeSet>
    <changeSet author="jmiranda (generated)" id="1520147365111-2">
        <preConditions onFail="MARK_RAN">
            <not>
                <foreignKeyConstraintExists foreignKeyName="FKED441931C8653BC0"/>
            </not>
        </preConditions>
        <addForeignKeyConstraint baseColumnNames="associated_product_id" baseTableName="product_association" constraintName="FKED441931C8653BC0" deferrable="false" initiallyDeferred="false" referencedColumnNames="id" referencedTableName="product"/>
    </changeSet>
    <changeSet author="jmiranda (generated)" id="1520147365111-3">
        <preConditions onFail="MARK_RAN">
            <not>
                <foreignKeyConstraintExists foreignKeyName="FKED441931DED5FAE7"/>
            </not>
        </preConditions>
        <addForeignKeyConstraint baseColumnNames="product_id" baseTableName="product_association" constraintName="FKED441931DED5FAE7" deferrable="false" initiallyDeferred="false" referencedColumnNames="id" referencedTableName="product"/>
    </changeSet>

</databaseChangeLog>
