<?xml version="1.0" encoding="UTF-8"?>
<databaseChangeLog xmlns="http://www.liquibase.org/xml/ns/dbchangelog/1.9"
                   xmlns:xsi="http://www.w3.org/2001/XMLSchema-instance"
                   xsi:schemaLocation="http://www.liquibase.org/xml/ns/dbchangelog/1.9 http://www.liquibase.org/xml/ns/dbchangelog/dbchangelog-1.9.xsd">

    <changeSet author="jmiranda (generated)" id="1521684943974-1">
        <validCheckSum>30ce7541f7d27b261d5fe78b83fe6334</validCheckSum>
        <preConditions onFail="MARK_RAN">
            <not>
                <columnExists tableName="attribute" columnName="exportable" />
            </not>
        </preConditions>
        <addColumn tableName="attribute">
            <column name="exportable" type="BIT" defaultValueBoolean="true"/>
        </addColumn>
    </changeSet>


</databaseChangeLog>
