<?xml version="1.0" encoding="UTF-8"?>
<databaseChangeLog xmlns="http://www.liquibase.org/xml/ns/dbchangelog/1.9"
                   xmlns:xsi="http://www.w3.org/2001/XMLSchema-instance"
                   xsi:schemaLocation="http://www.liquibase.org/xml/ns/dbchangelog/1.9 http://www.liquibase.org/xml/ns/dbchangelog/dbchangelog-1.9.xsd">
    <changeSet author="jmiranda" id="1535695116926-1">
        <preConditions onFail="MARK_RAN">
            <not>
                <columnExists tableName="shipment" columnName="description"/>
            </not>
        </preConditions>
        <addColumn tableName="shipment">
            <column name="description" type="TEXT"/>
        </addColumn>
    </changeSet>
</databaseChangeLog>
