<?xml version="1.0" encoding="UTF-8"?>
<databaseChangeLog xmlns="http://www.liquibase.org/xml/ns/dbchangelog/1.9" xmlns:xsi="http://www.w3.org/2001/XMLSchema-instance" xsi:schemaLocation="http://www.liquibase.org/xml/ns/dbchangelog/1.9 http://www.liquibase.org/xml/ns/dbchangelog/dbchangelog-1.9.xsd">

    <changeSet author="jmiranda (generated)" id="1544469745196-1">
        <preConditions onFail="MARK_RAN">
            <not>
                <columnExists tableName="requisition" columnName="replenishment_period"/>
            </not>
        </preConditions>
        <addColumn tableName="requisition">
            <column name="replenishment_period" type="INT"/>
        </addColumn>
    </changeSet>
    <changeSet author="jmiranda (generated)" id="1544469745196-2">
        <sql>
            UPDATE requisition SET replenishment_period = 0;
        </sql>
    </changeSet>

</databaseChangeLog>


