<?xml version="1.0" encoding="UTF-8"?>
<databaseChangeLog xmlns="http://www.liquibase.org/xml/ns/dbchangelog/1.9" xmlns:xsi="http://www.w3.org/2001/XMLSchema-instance" xsi:schemaLocation="http://www.liquibase.org/xml/ns/dbchangelog/1.9 http://www.liquibase.org/xml/ns/dbchangelog/dbchangelog-1.9.xsd">
    <changeSet author="jmiranda (generated)" id="1539788371480-1">
        <preConditions onFail="MARK_RAN">
            <not>
                <columnExists tableName="receipt_item" columnName="is_split_item"/>
            </not>
        </preConditions>
        <addColumn tableName="receipt_item">
            <column name="is_split_item" type="BIT"/>
        </addColumn>
    </changeSet>
</databaseChangeLog>


