<?xml version="1.0" encoding="UTF-8"?>
<databaseChangeLog xmlns="http://www.liquibase.org/xml/ns/dbchangelog/1.9"
                   xmlns:xsi="http://www.w3.org/2001/XMLSchema-instance"
                   xsi:schemaLocation="http://www.liquibase.org/xml/ns/dbchangelog/1.9 http://www.liquibase.org/xml/ns/dbchangelog/dbchangelog-1.9.xsd">

    <changeSet author="jmiranda" id="1536634735965-1">
        <preConditions onFail="MARK_RAN">
            <sqlCheck expectedResult="0">
                <![CDATA[SELECT count(*) FROM reference_number_type WHERE name="Tracking Number"]]>
            </sqlCheck>
        </preConditions>
        <insert tableName="reference_number_type">
            <column name="id" valueNumeric="10" />
            <column name="name" value="Tracking Number" />
            <column name="description" value="Tracking Number" />
            <column name="sort_order" valueNumeric="0" />
            <column name="version" valueNumeric="0" />
            <column name="date_created" valueDate="2018-09-10" />
            <column name="last_updated" valueDate="2018-09-10" />
        </insert>
    </changeSet>

</databaseChangeLog>
