<?xml version="1.0" encoding="UTF-8"?>
<databaseChangeLog xmlns="http://www.liquibase.org/xml/ns/dbchangelog/1.9"
                   xmlns:xsi="http://www.w3.org/2001/XMLSchema-instance"
                   xsi:schemaLocation="http://www.liquibase.org/xml/ns/dbchangelog/1.9 http://www.liquibase.org/xml/ns/dbchangelog/dbchangelog-1.9.xsd">

    <changeSet author="jmiranda" id="1536635534923-1">
        <preConditions onFail="MARK_RAN">
            <not>
                <columnExists tableName="shipment" columnName="driver_name"/>
            </not>
        </preConditions>
        <addColumn tableName="shipment">
            <column name="driver_name" type="VARCHAR(255)">
                <constraints nullable="true"/>
            </column>
        </addColumn>
    </changeSet>

</databaseChangeLog>
