<?xml version="1.0" encoding="UTF-8"?>
<databaseChangeLog xmlns="http://www.liquibase.org/xml/ns/dbchangelog/1.9"
                   xmlns:xsi="http://www.w3.org/2001/XMLSchema-instance"
                   xsi:schemaLocation="http://www.liquibase.org/xml/ns/dbchangelog/1.9 http://www.liquibase.org/xml/ns/dbchangelog/dbchangelog-1.9.xsd">

    <changeSet author="adminuser (generated)" id="1549320065466-1">
        <preConditions onFail="MARK_RAN">
            <not>
                <columnExists tableName="requisition" columnName="sort_by_code"/>
            </not>
        </preConditions>
        <addColumn tableName="requisition">
            <column name="sort_by_code" type="VARCHAR(255)">
                <constraints nullable="true"/>
            </column>
        </addColumn>
    </changeSet>
</databaseChangeLog>

