<?xml version="1.0" encoding="UTF-8"?>
<databaseChangeLog xmlns="http://www.liquibase.org/xml/ns/dbchangelog/1.9" xmlns:xsi="http://www.w3.org/2001/XMLSchema-instance" xsi:schemaLocation="http://www.liquibase.org/xml/ns/dbchangelog/1.9 http://www.liquibase.org/xml/ns/dbchangelog/dbchangelog-1.9.xsd">

    <changeSet author="jmiranda" id="1540492254253-1">
        <preConditions onFail="MARK_RAN">
            <sqlCheck expectedResult="0">
                SELECT count(*)
                FROM document_type
                WHERE id = "ff80818166ac5f350166ac84c2150001"
            </sqlCheck>
        </preConditions>
        <insert tableName="document_type">
            <column name="id" value="ff80818166ac5f350166ac84c2150001"/>
            <column name="version" valueNumeric="0"/>
            <column name="name" value="Shipping Template"/>
            <column name="description"/>
            <column name="document_code" value="SHIPPING_TEMPLATE"/>
            <column name="date_created" valueDate="2018-10-25"/>
            <column name="last_updated" valueDate="2018-10-25"/>
            <column name="sort_order" valueNumeric="0"/>
        </insert>
    </changeSet>

</databaseChangeLog>


