<?xml version="1.0" encoding="UTF-8"?>
<databaseChangeLog xmlns="http://www.liquibase.org/xml/ns/dbchangelog/1.9" xmlns:xsi="http://www.w3.org/2001/XMLSchema-instance" xsi:schemaLocation="http://www.liquibase.org/xml/ns/dbchangelog/1.9 http://www.liquibase.org/xml/ns/dbchangelog/dbchangelog-1.9.xsd">

    <changeSet author="jmiranda (generated)" id="1541624477925-1">
        <preConditions onFail="MARK_RAN">
            <not>
                <columnExists tableName="picklist_item" columnName="sort_order"/>
            </not>
        </preConditions>
        <addColumn tableName="picklist_item">
            <column name="sort_order" type="INT">
                <constraints nullable="true"/>
            </column>
        </addColumn>
    </changeSet>

</databaseChangeLog>


