<?xml version="1.0" encoding="UTF-8" standalone="no"?>
<databaseChangeLog
    xmlns="http://www.liquibase.org/xml/ns/dbchangelog/1.9"
    xmlns:xsi="http://www.w3.org/2001/XMLSchema-instance" xsi:schemaLocation="http://www.liquibase.org/xml/ns/dbchangelog/1.9 http://www.liquibase.org/xml/ns/dbchangelog/dbchangelog-1.9.xsd">
    <changeSet author="adminuser (generated)" id="1351271139350-1">
        <insert tableName="shipper_service">
            <column name="id" value="1"/>
            <column name="version" valueNumeric="1"/>
            <column name="description" value="Same Day Delivery"/>
            <column name="name" value="Same Day Air"/>
            <column name="shipper_id" value="1"/>
        </insert>
        <insert tableName="shipper_service">
            <column name="id" value="10"/>
            <column name="version" valueNumeric="1"/>
            <column name="description" value="3-5 Business Days"/>
            <column name="name" value="Ground"/>
            <column name="shipper_id" value="4"/>
        </insert>
        <insert tableName="shipper_service">
            <column name="id" value="11"/>
            <column name="version" valueNumeric="1"/>
            <column name="description"/>
            <column name="name" value="International Flight"/>
            <column name="shipper_id" value="5"/>
        </insert>
        <insert tableName="shipper_service">
            <column name="id" value="2"/>
            <column name="version" valueNumeric="1"/>
            <column name="description" value="Next Day Delivery"/>
            <column name="name" value="Express Freight"/>
            <column name="shipper_id" value="1"/>
        </insert>
        <insert tableName="shipper_service">
            <column name="id" value="3"/>
            <column name="version" valueNumeric="1"/>
            <column name="description" value="3-5 Business Days"/>
            <column name="name" value="Ground"/>
            <column name="shipper_id" value="1"/>
        </insert>
        <insert tableName="shipper_service">
            <column name="id" value="4"/>
            <column name="version" valueNumeric="1"/>
            <column name="description" value="Same Day Delivery"/>
            <column name="name" value="Same Day Air"/>
            <column name="shipper_id" value="2"/>
        </insert>
        <insert tableName="shipper_service">
            <column name="id" value="5"/>
            <column name="version" valueNumeric="1"/>
            <column name="description" value="Next Day Delivery"/>
            <column name="name" value="Express Freight"/>
            <column name="shipper_id" value="2"/>
        </insert>
        <insert tableName="shipper_service">
            <column name="id" value="6"/>
            <column name="version" valueNumeric="1"/>
            <column name="description" value="3-5 Business Days"/>
            <column name="name" value="Ground"/>
            <column name="shipper_id" value="2"/>
        </insert>
        <insert tableName="shipper_service">
            <column name="id" value="7"/>
            <column name="version" valueNumeric="1"/>
            <column name="description" value="Same Day Delivery"/>
            <column name="name" value="Same Day Air"/>
            <column name="shipper_id" value="3"/>
        </insert>
        <insert tableName="shipper_service">
            <column name="id" value="8"/>
            <column name="version" valueNumeric="1"/>
            <column name="description" value="Next Day Delivery"/>
            <column name="name" value="Express Freight"/>
            <column name="shipper_id" value="3"/>
        </insert>
        <insert tableName="shipper_service">
            <column name="id" value="9"/>
            <column name="version" valueNumeric="1"/>
            <column name="description" value="3-5 Business Days"/>
            <column name="name" value="Ground"/>
            <column name="shipper_id" value="3"/>
        </insert>
    </changeSet>
    <changeSet author="adminuser (generated)" id="1351271139350-2">
        <insert tableName="inventory">
            <column name="id" value="1"/>
            <column name="version" valueNumeric="0"/>
            <column name="last_inventory_date"/>
            <column name="date_created" valueDate="2011-02-17T00:00:00.0"/>
            <column name="last_updated" valueDate="2011-02-17T00:00:00.0"/>
        </insert>
        <insert tableName="inventory">
            <column name="id" value="ff8081813a512a91013a512f140a0001"/>
            <column name="version" valueNumeric="0"/>
            <column name="last_inventory_date"/>
            <column name="date_created" valueDate="2012-10-11T14:56:10.0"/>
            <column name="last_updated" valueDate="2012-10-11T14:56:10.0"/>
        </insert>
    </changeSet>
    <changeSet author="adminuser (generated)" id="1351271139350-3">
        <insert tableName="document_type">
            <column name="id" value="1"/>
            <column name="version" valueNumeric="0"/>
            <column name="date_created" valueDate="2010-08-25T00:00:00.0"/>
            <column name="description"/>
            <column name="last_updated" valueDate="2010-08-25T00:00:00.0"/>
            <column name="name" value="Facture donn"/>
            <column name="sort_order" valueNumeric="0"/>
        </insert>
        <insert tableName="document_type">
            <column name="id" value="2"/>
            <column name="version" valueNumeric="0"/>
            <column name="date_created" valueDate="2010-08-25T00:00:00.0"/>
            <column name="description"/>
            <column name="last_updated" valueDate="2010-08-25T00:00:00.0"/>
            <column name="name" value="Bill of Lading|fr:Facture de la cargaison"/>
            <column name="sort_order" valueNumeric="0"/>
        </insert>
        <insert tableName="document_type">
            <column name="id" value="3"/>
            <column name="version" valueNumeric="0"/>
            <column name="date_created" valueDate="2010-08-25T00:00:00.0"/>
            <column name="description"/>
            <column name="last_updated" valueDate="2010-08-25T00:00:00.0"/>
            <column name="name" value="Packing List|fr:Lisde de chargement"/>
            <column name="sort_order" valueNumeric="0"/>
        </insert>
        <insert tableName="document_type">
            <column name="id" value="4"/>
            <column name="version" valueNumeric="0"/>
            <column name="date_created" valueDate="2010-08-25T00:00:00.0"/>
            <column name="description"/>
            <column name="last_updated" valueDate="2010-08-25T00:00:00.0"/>
            <column name="name" value="Certificate of Donation|fr:Certificat de don"/>
            <column name="sort_order" valueNumeric="0"/>
        </insert>
        <insert tableName="document_type">
            <column name="id" value="5"/>
            <column name="version" valueNumeric="0"/>
            <column name="date_created" valueDate="2010-08-25T00:00:00.0"/>
            <column name="description"/>
            <column name="last_updated" valueDate="2010-08-25T00:00:00.0"/>
            <column name="name" value="Commercial Invoice|fr:Facture Commerciale"/>
            <column name="sort_order" valueNumeric="0"/>
        </insert>
        <insert tableName="document_type">
            <column name="id" value="6"/>
            <column name="version" valueNumeric="0"/>
            <column name="date_created" valueDate="2010-08-25T00:00:00.0"/>
            <column name="description"/>
            <column name="last_updated" valueDate="2010-08-25T00:00:00.0"/>
            <column name="name" value="Material Safey Data Sheet|fr:Fiche signal"/>
            <column name="sort_order" valueNumeric="0"/>
        </insert>
        <insert tableName="document_type">
            <column name="id" value="7"/>
            <column name="version" valueNumeric="0"/>
            <column name="date_created" valueDate="2010-08-25T00:00:00.0"/>
            <column name="description"/>
            <column name="last_updated" valueDate="2010-08-25T00:00:00.0"/>
            <column name="name" value="Certificate of Analysis|fr:Certificat d'analyse"/>
            <column name="sort_order" valueNumeric="0"/>
        </insert>
        <insert tableName="document_type">
            <column name="id" value="8"/>
            <column name="version" valueNumeric="0"/>
            <column name="date_created" valueDate="2010-08-25T00:00:00.0"/>
            <column name="description"/>
            <column name="last_updated" valueDate="2010-08-25T00:00:00.0"/>
            <column name="name" value="Manifest|fr:Manifeste"/>
            <column name="sort_order" valueNumeric="0"/>
        </insert>
        <insert tableName="document_type">
            <column name="id" value="9"/>
            <column name="version" valueNumeric="0"/>
            <column name="date_created" valueDate="2010-08-25T00:00:00.0"/>
            <column name="description"/>
            <column name="last_updated" valueDate="2010-08-25T00:00:00.0"/>
            <column name="name" value="Other|fr:Autre"/>
            <column name="sort_order" valueNumeric="0"/>
        </insert>
    </changeSet>
    <changeSet author="adminuser (generated)" id="1351271139350-4">
        <insert tableName="donor">
            <column name="id" value="1"/>
            <column name="version" valueNumeric="0"/>
            <column name="date_created" valueDate="2010-08-25T00:00:00.0"/>
            <column name="description"/>
            <column name="last_updated" valueDate="2010-08-25T00:00:00.0"/>
            <column name="name" value="Donor Organization ABC"/>
        </insert>
        <insert tableName="donor">
            <column name="id" value="2"/>
            <column name="version" valueNumeric="0"/>
            <column name="date_created" valueDate="2010-08-25T00:00:00.0"/>
            <column name="description"/>
            <column name="last_updated" valueDate="2010-08-25T00:00:00.0"/>
            <column name="name" value="Donor Organization XYZ"/>
        </insert>
        <insert tableName="donor">
            <column name="id" value="3"/>
            <column name="version" valueNumeric="0"/>
            <column name="date_created" valueDate="2010-08-25T00:00:00.0"/>
            <column name="description"/>
            <column name="last_updated" valueDate="2010-08-25T00:00:00.0"/>
            <column name="name" value="Donor Organization 123"/>
        </insert>
    </changeSet>
    <changeSet author="adminuser (generated)" id="1351271139350-5">
        <insert tableName="document">
            <column name="id" value="1"/>
            <column name="version" valueNumeric="0"/>
            <column name="content_type" value="text/plain"/>
            <column name="date_created" valueDate="2010-08-25T00:00:00.0"/>
            <column name="document_number"/>
            <column name="document_type_id" value="3"/>
            <column name="extension"/>
            <column name="file_contents" value="[B@ae1cf"/>
            <column name="file_uri"/>
            <column name="filename" value="packing-list.pdf"/>
            <column name="last_updated" valueDate="2010-08-25T00:00:00.0"/>
            <column name="name"/>
        </insert>
        <insert tableName="document">
            <column name="id" value="2"/>
            <column name="version" valueNumeric="0"/>
            <column name="content_type" value="text/plain"/>
            <column name="date_created" valueDate="2010-08-25T00:00:00.0"/>
            <column name="document_number"/>
            <column name="document_type_id" value="5"/>
            <column name="extension"/>
            <column name="file_contents" value="[B@6ef7ba"/>
            <column name="file_uri"/>
            <column name="filename" value="invoice.pdf"/>
            <column name="last_updated" valueDate="2010-08-25T00:00:00.0"/>
            <column name="name"/>
        </insert>
    </changeSet>
    <changeSet author="adminuser (generated)" id="1351271139350-6">
        <insert tableName="shipper">
            <column name="id" value="1"/>
            <column name="version" valueNumeric="1"/>
            <column name="date_created" valueDate="2010-08-25T00:00:00.0"/>
            <column name="description"/>
            <column name="last_updated" valueDate="2010-08-25T00:00:00.0"/>
            <column name="name" value="FedEx"/>
            <column name="parameter_name"/>
            <column name="tracking_format" value="999999999999"/>
            <column name="tracking_url" value="http://www.fedex.com/Tracking?ascend_header=1&amp;clienttype=dotcom&amp;cntry_code=us&amp;language=english&amp;tracknumbers=%s"/>
        </insert>
        <insert tableName="shipper">
            <column name="id" value="2"/>
            <column name="version" valueNumeric="1"/>
            <column name="date_created" valueDate="2010-08-25T00:00:00.0"/>
            <column name="description"/>
            <column name="last_updated" valueDate="2010-08-25T00:00:00.0"/>
            <column name="name" value="UPS"/>
            <column name="parameter_name"/>
            <column name="tracking_format" value="1Z9999W99999999999"/>
            <column name="tracking_url" value="http://wwwapps.ups.com/WebTracking/processInputRequest?sort_by=status&amp;tracknums_displayed=1&amp;TypeOfInquiryNumber=T&amp;loc=en_US&amp;InquiryNumber1=%s&amp;track.x=0&amp;track.y=0"/>
        </insert>
        <insert tableName="shipper">
            <column name="id" value="3"/>
            <column name="version" valueNumeric="1"/>
            <column name="date_created" valueDate="2010-08-25T00:00:00.0"/>
            <column name="description"/>
            <column name="last_updated" valueDate="2010-08-25T00:00:00.0"/>
            <column name="name" value="DHL"/>
            <column name="parameter_name" value="q"/>
            <column name="tracking_format"/>
            <column name="tracking_url" value="http://www.google.com/search?hl=en&amp;site=&amp;q="/>
        </insert>
        <insert tableName="shipper">
            <column name="id" value="4"/>
            <column name="version" valueNumeric="1"/>
            <column name="date_created" valueDate="2010-08-25T00:00:00.0"/>
            <column name="description"/>
            <column name="last_updated" valueDate="2010-08-25T00:00:00.0"/>
            <column name="name" value="USPS"/>
            <column name="parameter_name" value="q"/>
            <column name="tracking_format"/>
            <column name="tracking_url" value="http://www.google.com/search?hl=en&amp;site=&amp;q="/>
        </insert>
        <insert tableName="shipper">
            <column name="id" value="5"/>
            <column name="version" valueNumeric="1"/>
            <column name="date_created" valueDate="2010-08-25T00:00:00.0"/>
            <column name="description"/>
            <column name="last_updated" valueDate="2010-08-25T00:00:00.0"/>
            <column name="name" value="Courier"/>
            <column name="parameter_name" value="q"/>
            <column name="tracking_format"/>
            <column name="tracking_url" value="http://www.google.com/search?hl=en&amp;site=&amp;q="/>
        </insert>
    </changeSet>
    <changeSet author="adminuser (generated)" id="1351271139350-7">
        <insert tableName="container_type">
            <column name="id" value="1"/>
            <column name="version" valueNumeric="0"/>
            <column name="date_created" valueDate="2010-08-25T00:00:00.0"/>
            <column name="description"/>
            <column name="last_updated" valueDate="2010-08-25T00:00:00.0"/>
            <column name="name" value="Container|fr:Conteneur"/>
            <column name="sort_order" valueNumeric="0"/>
        </insert>
        <insert tableName="container_type">
            <column name="id" value="2"/>
            <column name="version" valueNumeric="0"/>
            <column name="date_created" valueDate="2010-08-25T00:00:00.0"/>
            <column name="description"/>
            <column name="last_updated" valueDate="2010-08-25T00:00:00.0"/>
            <column name="name" value="Pallet|fr:Palette"/>
            <column name="sort_order" valueNumeric="0"/>
        </insert>
        <insert tableName="container_type">
            <column name="id" value="3"/>
            <column name="version" valueNumeric="0"/>
            <column name="date_created" valueDate="2010-08-25T00:00:00.0"/>
            <column name="description"/>
            <column name="last_updated" valueDate="2010-08-25T00:00:00.0"/>
            <column name="name" value="Suitcase|fr:Valise/Malette"/>
            <column name="sort_order" valueNumeric="0"/>
        </insert>
        <insert tableName="container_type">
            <column name="id" value="4"/>
            <column name="version" valueNumeric="0"/>
            <column name="date_created" valueDate="2010-08-25T00:00:00.0"/>
            <column name="description"/>
            <column name="last_updated" valueDate="2010-08-25T00:00:00.0"/>
            <column name="name" value="Box|fr:Boite"/>
            <column name="sort_order" valueNumeric="0"/>
        </insert>
        <insert tableName="container_type">
            <column name="id" value="5"/>
            <column name="version" valueNumeric="0"/>
            <column name="date_created" valueDate="2010-08-25T00:00:00.0"/>
            <column name="description"/>
            <column name="last_updated" valueDate="2010-08-25T00:00:00.0"/>
            <column name="name" value="Trunk|fr:Coffre"/>
            <column name="sort_order" valueNumeric="0"/>
        </insert>
        <insert tableName="container_type">
            <column name="id" value="6"/>
            <column name="version" valueNumeric="0"/>
            <column name="date_created" valueDate="2010-08-25T00:00:00.0"/>
            <column name="description"/>
            <column name="last_updated" valueDate="2010-08-25T00:00:00.0"/>
            <column name="name" value="Item|fr:Element"/>
            <column name="sort_order" valueNumeric="0"/>
        </insert>
        <insert tableName="container_type">
            <column name="id" value="7"/>
            <column name="version" valueNumeric="0"/>
            <column name="date_created" valueDate="2010-08-25T00:00:00.0"/>
            <column name="description"/>
            <column name="last_updated" valueDate="2010-08-25T00:00:00.0"/>
            <column name="name" value="Other|fr:Autre"/>
            <column name="sort_order" valueNumeric="0"/>
        </insert>
        <insert tableName="container_type">
            <column name="id" value="8"/>
            <column name="version" valueNumeric="0"/>
            <column name="date_created" valueDate="2011-02-25T00:00:00.0"/>
            <column name="description"/>
            <column name="last_updated" valueDate="2011-02-25T00:00:00.0"/>
            <column name="name" value="Crate|fr:Caisse"/>
            <column name="sort_order" valueNumeric="0"/>
        </insert>
    </changeSet>
    <changeSet author="adminuser (generated)" id="1351271139350-8">
        <insert tableName="comment">
            <column name="id" value="1"/>
            <column name="version" valueNumeric="0"/>
            <column name="comment" value="We need to ship this as soon as possible!"/>
            <column name="date_created" valueDate="2010-08-25T00:00:00.0"/>
            <column name="date_read"/>
            <column name="date_sent"/>
            <column name="last_updated" valueDate="2010-08-25T00:00:00.0"/>
            <column name="recipient_id" value="3"/>
            <column name="sender_id" value="3"/>
        </insert>
        <insert tableName="comment">
            <column name="id" value="2"/>
            <column name="version" valueNumeric="0"/>
            <column name="comment" value="Did you ship this yet?!?!?!?"/>
            <column name="date_created" valueDate="2010-08-25T00:00:00.0"/>
            <column name="date_read"/>
            <column name="date_sent"/>
            <column name="last_updated" valueDate="2010-08-25T00:00:00.0"/>
            <column name="recipient_id" value="3"/>
            <column name="sender_id" value="2"/>
        </insert>
        <insert tableName="comment">
            <column name="id" value="3"/>
            <column name="version" valueNumeric="0"/>
            <column name="comment" value="What is taking so long?"/>
            <column name="date_created" valueDate="2010-08-25T00:00:00.0"/>
            <column name="date_read"/>
            <column name="date_sent"/>
            <column name="last_updated" valueDate="2010-08-25T00:00:00.0"/>
            <column name="recipient_id" value="3"/>
            <column name="sender_id" value="1"/>
        </insert>
    </changeSet>
    <changeSet author="adminuser (generated)" id="1351271139350-9">
        <insert tableName="reference_number_type">
            <column name="id" value="1"/>
            <column name="version" valueNumeric="0"/>
            <column name="date_created" valueDate="2010-08-25T00:00:00.0"/>
            <column name="description" value="Purchase Order Number"/>
            <column name="last_updated" valueDate="2010-08-25T00:00:00.0"/>
            <column name="name" value="Purchase Order Number|fr:Nombre de commande"/>
            <column name="sort_order" valueNumeric="0"/>
        </insert>
        <insert tableName="reference_number_type">
            <column name="id" value="2"/>
            <column name="version" valueNumeric="0"/>
            <column name="date_created" valueDate="2010-08-25T00:00:00.0"/>
            <column name="description" value="Customer name"/>
            <column name="last_updated" valueDate="2010-08-25T00:00:00.0"/>
            <column name="name" value="Customer name|fr:Nom du client"/>
            <column name="sort_order" valueNumeric="0"/>
        </insert>
        <insert tableName="reference_number_type">
            <column name="id" value="3"/>
            <column name="version" valueNumeric="0"/>
            <column name="date_created" valueDate="2010-08-25T00:00:00.0"/>
            <column name="description" value="Internal Identifier"/>
            <column name="last_updated" valueDate="2010-08-25T00:00:00.0"/>
            <column name="name" value="Internal Identifier|fr:Identificateur interne"/>
            <column name="sort_order" valueNumeric="0"/>
        </insert>
        <insert tableName="reference_number_type">
            <column name="id" value="4"/>
            <column name="version" valueNumeric="0"/>
            <column name="date_created" valueDate="2010-08-25T00:00:00.0"/>
            <column name="description" value="Bill of Lading Number"/>
            <column name="last_updated" valueDate="2010-08-25T00:00:00.0"/>
            <column name="name" value="Bill of Lading Number|fr:Nombre de connaissement"/>
            <column name="sort_order" valueNumeric="0"/>
        </insert>
        <insert tableName="reference_number_type">
            <column name="id" value="5"/>
            <column name="version" valueNumeric="0"/>
            <column name="date_created" valueDate="2011-03-01T00:00:00.0"/>
            <column name="description" value="Air Waybill Number"/>
            <column name="last_updated" valueDate="2011-03-01T00:00:00.0"/>
            <column name="name" value="Air Waybill Number|fr:Nombre de lettre de transport a"/>
            <column name="sort_order" valueNumeric="0"/>
        </insert>
        <insert tableName="reference_number_type">
            <column name="id" value="6"/>
            <column name="version" valueNumeric="0"/>
            <column name="date_created" valueDate="2011-03-01T00:00:00.0"/>
            <column name="description" value="Container Number"/>
            <column name="last_updated" valueDate="2011-03-01T00:00:00.0"/>
            <column name="name" value="Container Number|fr:Nombre de conteneur"/>
            <column name="sort_order" valueNumeric="0"/>
        </insert>
        <insert tableName="reference_number_type">
            <column name="id" value="7"/>
            <column name="version" valueNumeric="0"/>
            <column name="date_created" valueDate="2011-03-01T00:00:00.0"/>
            <column name="description" value="Seal Number"/>
            <column name="last_updated" valueDate="2011-03-01T00:00:00.0"/>
            <column name="name" value="Seal Number|fr:Nombre de sceau"/>
            <column name="sort_order" valueNumeric="0"/>
        </insert>
        <insert tableName="reference_number_type">
            <column name="id" value="8"/>
            <column name="version" valueNumeric="0"/>
            <column name="date_created" valueDate="2011-03-01T00:00:00.0"/>
            <column name="description" value="Flight Number"/>
            <column name="last_updated" valueDate="2011-03-01T00:00:00.0"/>
            <column name="name" value="Flight Number|fr:Nombre de vol"/>
            <column name="sort_order" valueNumeric="0"/>
        </insert>
        <insert tableName="reference_number_type">
            <column name="id" value="9"/>
            <column name="version" valueNumeric="0"/>
            <column name="date_created" valueDate="2012-01-26T00:00:00.0"/>
            <column name="description" value="License Plate Number|fr:Plaque"/>
            <column name="last_updated" valueDate="2012-01-26T00:00:00.0"/>
            <column name="name" value="License Plate Number"/>
            <column name="sort_order" valueNumeric="0"/>
        </insert>
    </changeSet>
    <changeSet author="adminuser (generated)" id="1351271139350-10">
        <insert tableName="location_type_supported_activities">
            <column name="location_type_id" value="2"/>
            <column name="supported_activities_string" value="MANAGE_INVENTORY"/>
        </insert>
        <insert tableName="location_type_supported_activities">
            <column name="location_type_id" value="2"/>
            <column name="supported_activities_string" value="PLACE_ORDER"/>
        </insert>
        <insert tableName="location_type_supported_activities">
            <column name="location_type_id" value="2"/>
            <column name="supported_activities_string" value="PLACE_REQUEST"/>
        </insert>
        <insert tableName="location_type_supported_activities">
            <column name="location_type_id" value="2"/>
            <column name="supported_activities_string" value="FULFILL_REQUEST"/>
        </insert>
        <insert tableName="location_type_supported_activities">
            <column name="location_type_id" value="2"/>
            <column name="supported_activities_string" value="SEND_STOCK"/>
        </insert>
        <insert tableName="location_type_supported_activities">
            <column name="location_type_id" value="2"/>
            <column name="supported_activities_string" value="RECEIVE_STOCK"/>
        </insert>
        <insert tableName="location_type_supported_activities">
            <column name="location_type_id" value="2"/>
            <column name="supported_activities_string" value="EXTERNAL"/>
        </insert>
        <insert tableName="location_type_supported_activities">
            <column name="location_type_id" value="3"/>
            <column name="supported_activities_string" value="SEND_STOCK"/>
        </insert>
        <insert tableName="location_type_supported_activities">
            <column name="location_type_id" value="3"/>
            <column name="supported_activities_string" value="RECEIVE_STOCK"/>
        </insert>
        <insert tableName="location_type_supported_activities">
            <column name="location_type_id" value="4"/>
            <column name="supported_activities_string" value="FULFILL_ORDER"/>
        </insert>
        <insert tableName="location_type_supported_activities">
            <column name="location_type_id" value="4"/>
            <column name="supported_activities_string" value="SEND_STOCK"/>
        </insert>
        <insert tableName="location_type_supported_activities">
            <column name="location_type_id" value="4"/>
            <column name="supported_activities_string" value="EXTERNAL"/>
        </insert>
    </changeSet>
    <changeSet author="adminuser (generated)" id="1351271139350-11">
        <insert tableName="role">
            <column name="id" value="1"/>
            <column name="version" valueNumeric="0"/>
            <column name="description"/>
            <column name="role_type" value="ROLE_ADMIN"/>
        </insert>
        <insert tableName="role">
            <column name="id" value="2"/>
            <column name="version" valueNumeric="0"/>
            <column name="description"/>
            <column name="role_type" value="ROLE_MANAGER"/>
        </insert>
        <insert tableName="role">
            <column name="id" value="3"/>
            <column name="version" valueNumeric="0"/>
            <column name="description"/>
            <column name="role_type" value="ROLE_USER"/>
        </insert>
    </changeSet>
    <changeSet author="adminuser (generated)" id="1351271139350-12">
        <insert tableName="category">
            <column name="id" value="1"/>
            <column name="version" valueNumeric="0"/>
            <column name="date_created" valueDate="2010-08-25T00:00:00.0"/>
            <column name="description"/>
            <column name="last_updated" valueDate="2010-08-25T00:00:00.0"/>
            <column name="name" value="Medicines"/>
            <column name="parent_category_id"/>
            <column name="sort_order" valueNumeric="0"/>
        </insert>
        <insert tableName="category">
            <column name="id" value="10"/>
            <column name="version" valueNumeric="0"/>
            <column name="date_created" valueDate="2010-08-25T00:00:00.0"/>
            <column name="description"/>
            <column name="last_updated" valueDate="2010-08-25T00:00:00.0"/>
            <column name="name" value="Surgical Equipment"/>
            <column name="parent_category_id" value="3"/>
            <column name="sort_order" valueNumeric="0"/>
        </insert>
        <insert tableName="category">
            <column name="id" value="11"/>
            <column name="version" valueNumeric="0"/>
            <column name="date_created" valueDate="2010-08-25T00:00:00.0"/>
            <column name="description"/>
            <column name="last_updated" valueDate="2010-08-25T00:00:00.0"/>
            <column name="name" value="IT Equipment"/>
            <column name="parent_category_id" value="3"/>
            <column name="sort_order" valueNumeric="0"/>
        </insert>
        <insert tableName="category">
            <column name="id" value="12"/>
            <column name="version" valueNumeric="0"/>
            <column name="date_created" valueDate="2010-08-25T00:00:00.0"/>
            <column name="description"/>
            <column name="last_updated" valueDate="2010-08-25T00:00:00.0"/>
            <column name="name" value="Furniture and Equipment"/>
            <column name="parent_category_id" value="3"/>
            <column name="sort_order" valueNumeric="0"/>
        </insert>
        <insert tableName="category">
            <column name="id" value="13"/>
            <column name="version" valueNumeric="0"/>
            <column name="date_created" valueDate="2010-08-25T00:00:00.0"/>
            <column name="description"/>
            <column name="last_updated" valueDate="2010-08-25T00:00:00.0"/>
            <column name="name" value="Food"/>
            <column name="parent_category_id" value="4"/>
            <column name="sort_order" valueNumeric="0"/>
        </insert>
        <insert tableName="category">
            <column name="id" value="14"/>
            <column name="version" valueNumeric="0"/>
            <column name="date_created" valueDate="2010-08-25T00:00:00.0"/>
            <column name="description"/>
            <column name="last_updated" valueDate="2010-08-25T00:00:00.0"/>
            <column name="name" value="ARVS"/>
            <column name="parent_category_id" value="1"/>
            <column name="sort_order" valueNumeric="0"/>
        </insert>
        <insert tableName="category">
            <column name="id" value="15"/>
            <column name="version" valueNumeric="0"/>
            <column name="date_created" valueDate="2010-08-25T00:00:00.0"/>
            <column name="description"/>
            <column name="last_updated" valueDate="2010-08-25T00:00:00.0"/>
            <column name="name" value="Anesteshia"/>
            <column name="parent_category_id" value="1"/>
            <column name="sort_order" valueNumeric="0"/>
        </insert>
        <insert tableName="category">
            <column name="id" value="16"/>
            <column name="version" valueNumeric="0"/>
            <column name="date_created" valueDate="2010-08-25T00:00:00.0"/>
            <column name="description"/>
            <column name="last_updated" valueDate="2010-08-25T00:00:00.0"/>
            <column name="name" value="Cancer"/>
            <column name="parent_category_id" value="1"/>
            <column name="sort_order" valueNumeric="0"/>
        </insert>
        <insert tableName="category">
            <column name="id" value="17"/>
            <column name="version" valueNumeric="0"/>
            <column name="date_created" valueDate="2010-08-25T00:00:00.0"/>
            <column name="description"/>
            <column name="last_updated" valueDate="2010-08-25T00:00:00.0"/>
            <column name="name" value="Chronic Care"/>
            <column name="parent_category_id" value="1"/>
            <column name="sort_order" valueNumeric="0"/>
        </insert>
        <insert tableName="category">
            <column name="id" value="18"/>
            <column name="version" valueNumeric="0"/>
            <column name="date_created" valueDate="2010-08-25T00:00:00.0"/>
            <column name="description"/>
            <column name="last_updated" valueDate="2010-08-25T00:00:00.0"/>
            <column name="name" value="Pain"/>
            <column name="parent_category_id" value="1"/>
            <column name="sort_order" valueNumeric="0"/>
        </insert>
        <insert tableName="category">
            <column name="id" value="19"/>
            <column name="version" valueNumeric="0"/>
            <column name="date_created" valueDate="2010-08-25T00:00:00.0"/>
            <column name="description"/>
            <column name="last_updated" valueDate="2010-08-25T00:00:00.0"/>
            <column name="name" value="TB"/>
            <column name="parent_category_id" value="1"/>
            <column name="sort_order" valueNumeric="0"/>
        </insert>
        <insert tableName="category">
            <column name="id" value="2"/>
            <column name="version" valueNumeric="0"/>
            <column name="date_created" valueDate="2010-08-25T00:00:00.0"/>
            <column name="description"/>
            <column name="last_updated" valueDate="2010-08-25T00:00:00.0"/>
            <column name="name" value="Supplies"/>
            <column name="parent_category_id"/>
            <column name="sort_order" valueNumeric="0"/>
        </insert>
        <insert tableName="category">
            <column name="id" value="20"/>
            <column name="version" valueNumeric="0"/>
            <column name="date_created" valueDate="2010-08-25T00:00:00.0"/>
            <column name="description"/>
            <column name="last_updated" valueDate="2010-08-25T00:00:00.0"/>
            <column name="name" value="Other"/>
            <column name="parent_category_id" value="1"/>
            <column name="sort_order" valueNumeric="0"/>
        </insert>
        <insert tableName="category">
            <column name="id" value="21"/>
            <column name="version" valueNumeric="0"/>
            <column name="date_created" valueDate="2010-08-25T00:00:00.0"/>
            <column name="description"/>
            <column name="last_updated" valueDate="2010-08-25T00:00:00.0"/>
            <column name="name" value="Lab"/>
            <column name="parent_category_id" value="6"/>
            <column name="sort_order" valueNumeric="0"/>
        </insert>
        <insert tableName="category">
            <column name="id" value="22"/>
            <column name="version" valueNumeric="0"/>
            <column name="date_created" valueDate="2010-08-25T00:00:00.0"/>
            <column name="description"/>
            <column name="last_updated" valueDate="2010-08-25T00:00:00.0"/>
            <column name="name" value="Surgical"/>
            <column name="parent_category_id" value="6"/>
            <column name="sort_order" valueNumeric="0"/>
        </insert>
        <insert tableName="category">
            <column name="id" value="23"/>
            <column name="version" valueNumeric="0"/>
            <column name="date_created" valueDate="2010-08-25T00:00:00.0"/>
            <column name="description"/>
            <column name="last_updated" valueDate="2010-08-25T00:00:00.0"/>
            <column name="name" value="X-Ray"/>
            <column name="parent_category_id" value="6"/>
            <column name="sort_order" valueNumeric="0"/>
        </insert>
        <insert tableName="category">
            <column name="id" value="24"/>
            <column name="version" valueNumeric="0"/>
            <column name="date_created" valueDate="2010-08-25T00:00:00.0"/>
            <column name="description"/>
            <column name="last_updated" valueDate="2010-08-25T00:00:00.0"/>
            <column name="name" value="Dental"/>
            <column name="parent_category_id" value="6"/>
            <column name="sort_order" valueNumeric="0"/>
        </insert>
        <insert tableName="category">
            <column name="id" value="25"/>
            <column name="version" valueNumeric="0"/>
            <column name="date_created" valueDate="2010-08-25T00:00:00.0"/>
            <column name="description"/>
            <column name="last_updated" valueDate="2010-08-25T00:00:00.0"/>
            <column name="name" value="Other"/>
            <column name="parent_category_id" value="6"/>
            <column name="sort_order" valueNumeric="0"/>
        </insert>
        <insert tableName="category">
            <column name="id" value="3"/>
            <column name="version" valueNumeric="0"/>
            <column name="date_created" valueDate="2010-08-25T00:00:00.0"/>
            <column name="description"/>
            <column name="last_updated" valueDate="2010-08-25T00:00:00.0"/>
            <column name="name" value="Equipment"/>
            <column name="parent_category_id"/>
            <column name="sort_order" valueNumeric="0"/>
        </insert>
        <insert tableName="category">
            <column name="id" value="4"/>
            <column name="version" valueNumeric="0"/>
            <column name="date_created" valueDate="2010-08-25T00:00:00.0"/>
            <column name="description"/>
            <column name="last_updated" valueDate="2010-08-25T00:00:00.0"/>
            <column name="name" value="Perishables"/>
            <column name="parent_category_id"/>
            <column name="sort_order" valueNumeric="0"/>
        </insert>
        <insert tableName="category">
            <column name="id" value="5"/>
            <column name="version" valueNumeric="0"/>
            <column name="date_created" valueDate="2010-08-25T00:00:00.0"/>
            <column name="description"/>
            <column name="last_updated" valueDate="2010-08-25T00:00:00.0"/>
            <column name="name" value="Other"/>
            <column name="parent_category_id"/>
            <column name="sort_order" valueNumeric="0"/>
        </insert>
        <insert tableName="category">
            <column name="id" value="6"/>
            <column name="version" valueNumeric="0"/>
            <column name="date_created" valueDate="2010-08-25T00:00:00.0"/>
            <column name="description"/>
            <column name="last_updated" valueDate="2010-08-25T00:00:00.0"/>
            <column name="name" value="Medical Supplies"/>
            <column name="parent_category_id" value="2"/>
            <column name="sort_order" valueNumeric="0"/>
        </insert>
        <insert tableName="category">
            <column name="id" value="7"/>
            <column name="version" valueNumeric="0"/>
            <column name="date_created" valueDate="2010-08-25T00:00:00.0"/>
            <column name="description"/>
            <column name="last_updated" valueDate="2010-08-25T00:00:00.0"/>
            <column name="name" value="Hospital and Clinic Supplies"/>
            <column name="parent_category_id" value="2"/>
            <column name="sort_order" valueNumeric="0"/>
        </insert>
        <insert tableName="category">
            <column name="id" value="8"/>
            <column name="version" valueNumeric="0"/>
            <column name="date_created" valueDate="2010-08-25T00:00:00.0"/>
            <column name="description"/>
            <column name="last_updated" valueDate="2010-08-25T00:00:00.0"/>
            <column name="name" value="Office Supplies"/>
            <column name="parent_category_id" value="2"/>
            <column name="sort_order" valueNumeric="0"/>
        </insert>
        <insert tableName="category">
            <column name="id" value="9"/>
            <column name="version" valueNumeric="0"/>
            <column name="date_created" valueDate="2010-08-25T00:00:00.0"/>
            <column name="description"/>
            <column name="last_updated" valueDate="2010-08-25T00:00:00.0"/>
            <column name="name" value="Medical Equipment"/>
            <column name="parent_category_id" value="3"/>
            <column name="sort_order" valueNumeric="0"/>
        </insert>
    </changeSet>
    <changeSet author="adminuser (generated)" id="1351271139350-13">
        <insert tableName="user_role">
            <column name="user_id" value="1"/>
            <column name="role_id" value="1"/>
        </insert>
        <insert tableName="user_role">
            <column name="user_id" value="2"/>
            <column name="role_id" value="2"/>
        </insert>
        <insert tableName="user_role">
            <column name="user_id" value="3"/>
            <column name="role_id" value="3"/>
        </insert>
        <insert tableName="user_role">
            <column name="user_id" value="4"/>
            <column name="role_id" value="3"/>
        </insert>
    </changeSet>
    <changeSet author="adminuser (generated)" id="1351271139350-14">
        <insert tableName="event_type">
            <column name="id" value="2"/>
            <column name="version" valueNumeric="0"/>
            <column name="date_created" valueDate="2011-03-03T00:00:00.0"/>
            <column name="description" value="Shipment has been shipped"/>
            <column name="event_code" value="SHIPPED"/>
            <column name="last_updated" valueDate="2011-03-03T00:00:00.0"/>
            <column name="name" value="Shipped|fr:Exp"/>
            <column name="sort_order" valueNumeric="2"/>
        </insert>
        <insert tableName="event_type">
            <column name="id" value="3"/>
            <column name="version" valueNumeric="0"/>
            <column name="date_created" valueDate="2011-03-03T00:00:00.0"/>
            <column name="description" value="Shipment has been received"/>
            <column name="event_code" value="RECEIVED"/>
            <column name="last_updated" valueDate="2011-03-03T00:00:00.0"/>
            <column name="name" value="Received|fr:Re"/>
            <column name="sort_order" valueNumeric="3"/>
        </insert>
    </changeSet>
    <changeSet author="adminuser (generated)" id="1351271139350-15">
        <insert tableName="location_type">
            <column name="id" value="2"/>
            <column name="version" valueNumeric="0"/>
            <column name="date_created" valueDate="2010-12-06T00:00:00.0"/>
            <column name="description" value="Depot"/>
            <column name="last_updated" valueDate="2010-12-06T00:00:00.0"/>
            <column name="name" value="Depot|fr:D"/>
            <column name="sort_order" valueNumeric="0"/>
        </insert>
        <insert tableName="location_type">
            <column name="id" value="3"/>
            <column name="version" valueNumeric="0"/>
            <column name="date_created" valueDate="2010-12-06T00:00:00.0"/>
            <column name="description" value="Dispensary"/>
            <column name="last_updated" valueDate="2011-11-14T00:00:00.0"/>
            <column name="name" value="Dispensary|fr:Dispensaire"/>
            <column name="sort_order" valueNumeric="0"/>
        </insert>
        <insert tableName="location_type">
            <column name="id" value="4"/>
            <column name="version" valueNumeric="0"/>
            <column name="date_created" valueDate="2010-12-06T00:00:00.0"/>
            <column name="description" value="Supplier"/>
            <column name="last_updated" valueDate="2010-12-06T00:00:00.0"/>
            <column name="name" value="Supplier|fr:Fournisseurs"/>
            <column name="sort_order" valueNumeric="0"/>
        </insert>
    </changeSet>
    <changeSet author="adminuser (generated)" id="1351271139350-16">
        <insert tableName="address">
            <column name="id" value="1"/>
            <column name="version" valueNumeric="0"/>
            <column name="address" value="888 Commonwealth Avenue"/>
            <column name="address2" value="Third Floor"/>
            <column name="city" value="Boston"/>
            <column name="country" value="United States"/>
            <column name="date_created" valueDate="2010-08-25T00:00:00.0"/>
            <column name="last_updated" valueDate="2010-08-25T00:00:00.0"/>
            <column name="postal_code" value="02215"/>
            <column name="state_or_province" value="MA"/>
        </insert>
        <insert tableName="address">
            <column name="id" value="2"/>
            <column name="version" valueNumeric="0"/>
            <column name="address" value="1000 State Street"/>
            <column name="address2" value="Building A"/>
            <column name="city" value="Miami"/>
            <column name="country" value="United States"/>
            <column name="date_created" valueDate="2010-08-25T00:00:00.0"/>
            <column name="last_updated" valueDate="2010-08-25T00:00:00.0"/>
            <column name="postal_code" value="33126"/>
            <column name="state_or_province" value="FL"/>
        </insert>
        <insert tableName="address">
            <column name="id" value="3"/>
            <column name="version" valueNumeric="0"/>
            <column name="address" value="12345 Main Street"/>
            <column name="address2" value="Suite 401"/>
            <column name="city" value="Tabarre"/>
            <column name="country" value="Haiti"/>
            <column name="date_created" valueDate="2010-08-25T00:00:00.0"/>
            <column name="last_updated" valueDate="2010-08-25T00:00:00.0"/>
            <column name="postal_code"/>
            <column name="state_or_province"/>
        </insert>
        <insert tableName="address">
            <column name="id" value="4"/>
            <column name="version" valueNumeric="0"/>
            <column name="address" value="2482 Massachusetts Ave"/>
            <column name="address2" value=""/>
            <column name="city" value="Boston"/>
            <column name="country" value="United Status"/>
            <column name="date_created" valueDate="2010-08-25T00:00:00.0"/>
            <column name="last_updated" valueDate="2010-08-25T00:00:00.0"/>
            <column name="postal_code" value="02215"/>
            <column name="state_or_province" value="MA"/>
        </insert>
    </changeSet>
    <changeSet author="adminuser (generated)" id="1351271139350-17">
        <insert tableName="shipment_workflow_container_type">
            <column name="shipment_workflow_container_types_id" value="1"/>
            <column name="container_type_id" value="2"/>
            <column name="container_types_idx" valueNumeric="0"/>
        </insert>
        <insert tableName="shipment_workflow_container_type">
            <column name="shipment_workflow_container_types_id" value="1"/>
            <column name="container_type_id" value="8"/>
            <column name="container_types_idx" valueNumeric="1"/>
        </insert>
        <insert tableName="shipment_workflow_container_type">
            <column name="shipment_workflow_container_types_id" value="2"/>
            <column name="container_type_id" value="2"/>
            <column name="container_types_idx" valueNumeric="0"/>
        </insert>
        <insert tableName="shipment_workflow_container_type">
            <column name="shipment_workflow_container_types_id" value="2"/>
            <column name="container_type_id" value="8"/>
            <column name="container_types_idx" valueNumeric="1"/>
        </insert>
        <insert tableName="shipment_workflow_container_type">
            <column name="shipment_workflow_container_types_id" value="3"/>
            <column name="container_type_id" value="3"/>
            <column name="container_types_idx" valueNumeric="0"/>
        </insert>
    </changeSet>
    <changeSet author="adminuser (generated)" id="1351271139350-18">
        <insert tableName="user">
            <column name="id" value="1"/>
            <column name="active" valueBoolean="true"/>
            <column name="last_login_date"/>
            <column name="manager_id"/>
            <column name="password" value="password"/>
            <column name="username" value="admin"/>
            <column name="warehouse_id" value="1"/>
            <column name="photo"/>
            <column name="locale"/>
            <column name="remember_last_location"/>
        </insert>
        <insert tableName="user">
            <column name="id" value="2"/>
            <column name="active" valueBoolean="true"/>
            <column name="last_login_date"/>
            <column name="manager_id" value="1"/>
            <column name="password" value="password"/>
            <column name="username" value="manager"/>
            <column name="warehouse_id" value="1"/>
            <column name="photo"/>
            <column name="locale"/>
            <column name="remember_last_location"/>
        </insert>
        <insert tableName="user">
            <column name="id" value="3"/>
            <column name="active" valueBoolean="true"/>
            <column name="last_login_date"/>
            <column name="manager_id" value="2"/>
            <column name="password" value="password"/>
            <column name="username" value="jmiranda"/>
            <column name="warehouse_id" value="1"/>
            <column name="photo"/>
            <column name="locale"/>
            <column name="remember_last_location"/>
        </insert>
        <insert tableName="user">
            <column name="id" value="4"/>
            <column name="active" valueBoolean="false"/>
            <column name="last_login_date"/>
            <column name="manager_id" value="2"/>
            <column name="password" value="password"/>
            <column name="username" value="inactive"/>
            <column name="warehouse_id" value="1"/>
            <column name="photo"/>
            <column name="locale"/>
            <column name="remember_last_location"/>
        </insert>
    </changeSet>
    <changeSet author="adminuser (generated)" id="1351271139350-19">
        <insert tableName="shipment_workflow_reference_number_type">
            <column name="shipment_workflow_reference_number_types_id" value="1"/>
            <column name="reference_number_type_id" value="5"/>
            <column name="reference_number_types_idx" valueNumeric="0"/>
        </insert>
        <insert tableName="shipment_workflow_reference_number_type">
            <column name="shipment_workflow_reference_number_types_id" value="1"/>
            <column name="reference_number_type_id" value="6"/>
            <column name="reference_number_types_idx" valueNumeric="1"/>
        </insert>
        <insert tableName="shipment_workflow_reference_number_type">
            <column name="shipment_workflow_reference_number_types_id" value="1"/>
            <column name="reference_number_type_id" value="7"/>
            <column name="reference_number_types_idx" valueNumeric="2"/>
        </insert>
        <insert tableName="shipment_workflow_reference_number_type">
            <column name="shipment_workflow_reference_number_types_id" value="2"/>
            <column name="reference_number_type_id" value="4"/>
            <column name="reference_number_types_idx" valueNumeric="0"/>
        </insert>
        <insert tableName="shipment_workflow_reference_number_type">
            <column name="shipment_workflow_reference_number_types_id" value="2"/>
            <column name="reference_number_type_id" value="6"/>
            <column name="reference_number_types_idx" valueNumeric="1"/>
        </insert>
        <insert tableName="shipment_workflow_reference_number_type">
            <column name="shipment_workflow_reference_number_types_id" value="2"/>
            <column name="reference_number_type_id" value="7"/>
            <column name="reference_number_types_idx" valueNumeric="2"/>
        </insert>
        <insert tableName="shipment_workflow_reference_number_type">
            <column name="shipment_workflow_reference_number_types_id" value="3"/>
            <column name="reference_number_type_id" value="8"/>
            <column name="reference_number_types_idx" valueNumeric="0"/>
        </insert>
        <insert tableName="shipment_workflow_reference_number_type">
            <column name="shipment_workflow_reference_number_types_id" value="4"/>
            <column name="reference_number_type_id" value="9"/>
            <column name="reference_number_types_idx" valueNumeric="0"/>
        </insert>
    </changeSet>
    <changeSet author="adminuser (generated)" id="1351271139350-20">
        <insert tableName="location">
            <column name="id" value="1"/>
            <column name="version" valueNumeric="0"/>
            <column name="address_id" value="1"/>
            <column name="date_created" valueDate="2010-08-25T00:00:00.0"/>
            <column name="last_updated" valueDate="2010-08-25T00:00:00.0"/>
            <column name="logo_url" value="http://a3.twimg.com/profile_images/134665083/BOS_Red_Sox_normal.PNG"/>
            <column name="name" value="Boston Headquarters"/>
            <column name="inventory_id" value="1"/>
            <column name="manager_id" value="2"/>
            <column name="logo"/>
            <column name="managed_locally" valueBoolean="true"/>
            <column name="active" valueBoolean="true"/>
            <column name="location_type_id" value="2"/>
            <column name="parent_location_id"/>
            <column name="local" valueBoolean="true"/>
            <column name="bg_color"/>
            <column name="fg_color"/>
            <column name="location_group_id"/>
        </insert>
        <insert tableName="location">
            <column name="id" value="2"/>
            <column name="version" valueNumeric="0"/>
            <column name="address_id" value="2"/>
            <column name="date_created" valueDate="2010-08-25T00:00:00.0"/>
            <column name="last_updated" valueDate="2010-08-25T00:00:00.0"/>
            <column name="logo_url" value="http://pihemr.files.wordpress.com/2008/01/pih-hands.jpg"/>
            <column name="name" value="Miami Warehouse"/>
            <column name="inventory_id"/>
            <column name="manager_id" value="2"/>
            <column name="logo"/>
            <column name="managed_locally" valueBoolean="true"/>
            <column name="active" valueBoolean="true"/>
            <column name="location_type_id" value="2"/>
            <column name="parent_location_id"/>
            <column name="local" valueBoolean="true"/>
            <column name="bg_color"/>
            <column name="fg_color"/>
            <column name="location_group_id"/>
        </insert>
        <insert tableName="location">
            <column name="id" value="3"/>
            <column name="version" valueNumeric="0"/>
            <column name="address_id" value="3"/>
            <column name="date_created" valueDate="2010-08-25T00:00:00.0"/>
            <column name="last_updated" valueDate="2010-08-25T00:00:00.0"/>
            <column name="logo_url" value="http://pihemr.files.wordpress.com/2008/01/pih-hands.jpg"/>
            <column name="name" value="Tabarre Depot"/>
            <column name="inventory_id"/>
            <column name="manager_id" value="2"/>
            <column name="logo"/>
            <column name="managed_locally" valueBoolean="true"/>
            <column name="active" valueBoolean="true"/>
            <column name="location_type_id" value="2"/>
            <column name="parent_location_id"/>
            <column name="local" valueBoolean="true"/>
            <column name="bg_color"/>
            <column name="fg_color"/>
            <column name="location_group_id"/>
        </insert>
        <insert tableName="location">
            <column name="id" value="4"/>
            <column name="version" valueNumeric="1"/>
            <column name="address_id" value="4"/>
            <column name="date_created" valueDate="2010-08-25T00:00:00.0"/>
            <column name="last_updated" valueDate="2012-10-11T14:56:10.0"/>
            <column name="logo_url" value="http://pihemr.files.wordpress.com/2008/01/pih-hands.jpg"/>
            <column name="name" value="ZZZ Supply Company"/>
            <column name="inventory_id" value="ff8081813a512a91013a512f140a0001"/>
            <column name="manager_id" value="2"/>
            <column name="logo"/>
            <column name="managed_locally" valueBoolean="true"/>
            <column name="active" valueBoolean="true"/>
            <column name="location_type_id" value="2"/>
            <column name="parent_location_id"/>
            <column name="local" valueBoolean="true"/>
            <column name="bg_color"/>
            <column name="fg_color"/>
            <column name="location_group_id"/>
        </insert>
    </changeSet>
    <changeSet author="adminuser (generated)" id="1351271139350-21">
        <insert tableName="person">
            <column name="id" value="1"/>
            <column name="version" valueNumeric="1"/>
            <column name="date_created" valueDate="2010-08-25T00:00:00.0"/>
            <column name="email" value="admin@pih.org"/>
            <column name="first_name" value="Miss"/>
            <column name="last_name" value="Administrator"/>
            <column name="last_updated" valueDate="2010-08-25T00:00:00.0"/>
            <column name="phone_number"/>
        </insert>
        <insert tableName="person">
            <column name="id" value="2"/>
            <column name="version" valueNumeric="5"/>
            <column name="date_created" valueDate="2010-08-25T00:00:00.0"/>
            <column name="email" value="manager@pih.org"/>
            <column name="first_name" value="Mister"/>
            <column name="last_name" value="Manager"/>
            <column name="last_updated" valueDate="2010-08-25T00:00:00.0"/>
            <column name="phone_number"/>
        </insert>
        <insert tableName="person">
            <column name="id" value="3"/>
            <column name="version" valueNumeric="1"/>
            <column name="date_created" valueDate="2010-08-25T00:00:00.0"/>
            <column name="email" value="jmiranda@pih.org"/>
            <column name="first_name" value="Justin"/>
            <column name="last_name" value="Miranda"/>
            <column name="last_updated" valueDate="2010-08-25T00:00:00.0"/>
            <column name="phone_number"/>
        </insert>
        <insert tableName="person">
            <column name="id" value="4"/>
            <column name="version" valueNumeric="1"/>
            <column name="date_created" valueDate="2010-08-25T00:00:00.0"/>
            <column name="email" value="inactive@pih.org"/>
            <column name="first_name" value="In"/>
            <column name="last_name" value="Active"/>
            <column name="last_updated" valueDate="2010-08-25T00:00:00.0"/>
            <column name="phone_number"/>
        </insert>
    </changeSet>
    <changeSet author="adminuser (generated)" id="1351271139350-22">
        <insert tableName="transaction_type">
            <column name="id" value="10"/>
            <column name="version" valueNumeric="0"/>
            <column name="date_created" valueDate="2011-04-05T00:00:00.0"/>
            <column name="description"/>
            <column name="last_updated" valueDate="2011-04-05T00:00:00.0"/>
            <column name="name" value="Adjustment - Debit|fr:Ajustement - D"/>
            <column name="sort_order" valueNumeric="0"/>
            <column name="transaction_code" value="DEBIT"/>
        </insert>
        <insert tableName="transaction_type">
            <column name="id" value="11"/>
            <column name="version" valueNumeric="0"/>
            <column name="date_created" valueDate="2011-04-06T00:00:00.0"/>
            <column name="description"/>
            <column name="last_updated" valueDate="2011-04-06T00:00:00.0"/>
            <column name="name" value="Product Inventory|fr:Inventaire de Produits"/>
            <column name="sort_order" valueNumeric="0"/>
            <column name="transaction_code" value="PRODUCT_INVENTORY"/>
        </insert>
        <insert tableName="transaction_type">
            <column name="id" value="2"/>
            <column name="version" valueNumeric="0"/>
            <column name="date_created" valueDate="2010-11-08T00:00:00.0"/>
            <column name="description"/>
            <column name="last_updated" valueDate="2010-11-08T00:00:00.0"/>
            <column name="name" value="Consumption|fr:Consommation"/>
            <column name="sort_order" valueNumeric="0"/>
            <column name="transaction_code" value="DEBIT"/>
        </insert>
        <insert tableName="transaction_type">
            <column name="id" value="3"/>
            <column name="version" valueNumeric="0"/>
            <column name="date_created" valueDate="2010-11-08T00:00:00.0"/>
            <column name="description"/>
            <column name="last_updated" valueDate="2010-11-08T00:00:00.0"/>
            <column name="name" value="Adjustment - Credit|fr:Ajustement - Cr"/>
            <column name="sort_order" valueNumeric="0"/>
            <column name="transaction_code" value="CREDIT"/>
        </insert>
        <insert tableName="transaction_type">
            <column name="id" value="4"/>
            <column name="version" valueNumeric="0"/>
            <column name="date_created" valueDate="2010-11-08T00:00:00.0"/>
            <column name="description"/>
            <column name="last_updated" valueDate="2010-11-08T00:00:00.0"/>
            <column name="name" value="Expired|fr:Espir"/>
            <column name="sort_order" valueNumeric="0"/>
            <column name="transaction_code" value="DEBIT"/>
        </insert>
        <insert tableName="transaction_type">
            <column name="id" value="5"/>
            <column name="version" valueNumeric="0"/>
            <column name="date_created" valueDate="2010-11-08T00:00:00.0"/>
            <column name="description"/>
            <column name="last_updated" valueDate="2010-11-08T00:00:00.0"/>
            <column name="name" value="Damaged|fr:Endommag"/>
            <column name="sort_order" valueNumeric="0"/>
            <column name="transaction_code" value="DEBIT"/>
        </insert>
        <insert tableName="transaction_type">
            <column name="id" value="7"/>
            <column name="version" valueNumeric="0"/>
            <column name="date_created" valueDate="2010-12-06T00:00:00.0"/>
            <column name="description" value="Inventory"/>
            <column name="last_updated" valueDate="2010-12-06T00:00:00.0"/>
            <column name="name" value="Inventory|fr:Inventaire"/>
            <column name="sort_order" valueNumeric="0"/>
            <column name="transaction_code" value="INVENTORY"/>
        </insert>
        <insert tableName="transaction_type">
            <column name="id" value="8"/>
            <column name="version" valueNumeric="0"/>
            <column name="date_created" valueDate="2011-03-17T00:00:00.0"/>
            <column name="description"/>
            <column name="last_updated" valueDate="2011-03-17T00:00:00.0"/>
            <column name="name" value="Transfer In|fr:Transf"/>
            <column name="sort_order" valueNumeric="0"/>
            <column name="transaction_code" value="CREDIT"/>
        </insert>
        <insert tableName="transaction_type">
            <column name="id" value="9"/>
            <column name="version" valueNumeric="0"/>
            <column name="date_created" valueDate="2011-03-17T00:00:00.0"/>
            <column name="description"/>
            <column name="last_updated" valueDate="2011-03-17T00:00:00.0"/>
            <column name="name" value="Transfer Out|fr:Transf"/>
            <column name="sort_order" valueNumeric="0"/>
            <column name="transaction_code" value="DEBIT"/>
        </insert>
    </changeSet>
    <changeSet author="adminuser (generated)" id="1351271139350-23">
        <insert tableName="shipment_type">
            <column name="id" value="1"/>
            <column name="version" valueNumeric="1"/>
            <column name="date_created" valueDate="2010-08-25T00:00:00.0"/>
            <column name="description"/>
            <column name="last_updated" valueDate="2010-08-25T00:00:00.0"/>
            <column name="name" value="Air|fr:Air"/>
            <column name="sort_order" valueNumeric="1"/>
        </insert>
        <insert tableName="shipment_type">
            <column name="id" value="2"/>
            <column name="version" valueNumeric="1"/>
            <column name="date_created" valueDate="2010-08-25T00:00:00.0"/>
            <column name="description"/>
            <column name="last_updated" valueDate="2010-08-25T00:00:00.0"/>
            <column name="name" value="Sea|fr:Mer"/>
            <column name="sort_order" valueNumeric="2"/>
        </insert>
        <insert tableName="shipment_type">
            <column name="id" value="3"/>
            <column name="version" valueNumeric="0"/>
            <column name="date_created" valueDate="2011-08-22T00:00:00.0"/>
            <column name="description" value=""/>
            <column name="last_updated" valueDate="2011-08-22T00:00:00.0"/>
            <column name="name" value="Land|fr:Terrains"/>
            <column name="sort_order" valueNumeric="3"/>
        </insert>
        <insert tableName="shipment_type">
            <column name="id" value="4"/>
            <column name="version" valueNumeric="1"/>
            <column name="date_created" valueDate="2010-08-25T00:00:00.0"/>
            <column name="description"/>
            <column name="last_updated" valueDate="2010-08-25T00:00:00.0"/>
            <column name="name" value="Suitcase|fr:Valise/Malette"/>
            <column name="sort_order" valueNumeric="4"/>
        </insert>
    </changeSet>
    <changeSet author="adminuser (generated)" id="1351271139350-24">
        <insert tableName="shipment_workflow">
            <column name="id" value="1"/>
            <column name="version" valueNumeric="0"/>
            <column name="date_created" valueDate="2011-02-28T00:00:00.0"/>
            <column name="last_updated" valueDate="2011-02-28T00:00:00.0"/>
            <column name="name" value="Air shipment workflow"/>
            <column name="shipment_type_id" value="1"/>
            <column name="excluded_fields" value="carrier,recipient"/>
            <column name="document_template"/>
        </insert>
        <insert tableName="shipment_workflow">
            <column name="id" value="2"/>
            <column name="version" valueNumeric="0"/>
            <column name="date_created" valueDate="2011-02-28T00:00:00.0"/>
            <column name="last_updated" valueDate="2011-02-28T00:00:00.0"/>
            <column name="name" value="Sea shipment workflow"/>
            <column name="shipment_type_id" value="2"/>
            <column name="excluded_fields" value="carrier,recipient"/>
            <column name="document_template"/>
        </insert>
        <insert tableName="shipment_workflow">
            <column name="id" value="3"/>
            <column name="version" valueNumeric="0"/>
            <column name="date_created" valueDate="2011-02-28T00:00:00.0"/>
            <column name="last_updated" valueDate="2011-02-28T00:00:00.0"/>
            <column name="name" value="Suitcase shipment workflow"/>
            <column name="shipment_type_id" value="4"/>
            <column name="excluded_fields" value="shipmentMethod.shipper"/>
            <column name="document_template" value="suitcaseLetter"/>
        </insert>
        <insert tableName="shipment_workflow">
            <column name="id" value="4"/>
            <column name="version" valueNumeric="0"/>
            <column name="date_created" valueDate="2012-01-26T00:00:00.0"/>
            <column name="last_updated" valueDate="2012-01-26T00:00:00.0"/>
            <column name="name" value="Land shipment workflow"/>
            <column name="shipment_type_id" value="3"/>
            <column name="excluded_fields"/>
            <column name="document_template"/>
        </insert>
    </changeSet>
</databaseChangeLog>
