<?xml version="1.0" encoding="UTF-8"?>
<databaseChangeLog xmlns="http://www.liquibase.org/xml/ns/dbchangelog/1.9"
	xmlns:xsi="http://www.w3.org/2001/XMLSchema-instance"
	xsi:schemaLocation="http://www.liquibase.org/xml/ns/dbchangelog/1.9 http://www.liquibase.org/xml/ns/dbchangelog/dbchangelog-1.9.xsd">
	
	<changeSet author="jmiranda" id="1357253727991-1">
		<insert tableName="category">
            <column name="id" value="ROOT"/>
            <column name="version" valueNumeric="0"/>
            <column name="date_created" valueDate="2010-08-25T00:00:00.0"/>
            <column name="description"/>
            <column name="last_updated" valueDate="2010-08-25T00:00:00.0"/>
            <column name="name" value="ROOT"/>
            <column name="parent_category_id"/>
            <column name="sort_order" valueNumeric="0"/>
        </insert>
	</changeSet>
	
	<changeSet author="jmiranda" id="1357253727991-2">
		<update tableName="category">
		    <column name="parent_category_id" value="ROOT"/>
		    <where>id = '1'</where>
		</update>	
	</changeSet>
	<changeSet author="jmiranda" id="1357253727991-3">
		<update tableName="category">
		    <column name="parent_category_id" value="ROOT"/>
		    <where>id = '2'</where>
		</update>	
	</changeSet>
	<changeSet author="jmiranda" id="1357253727991-4">
		<update tableName="category">
		    <column name="parent_category_id" value="ROOT"/>
		    <where>id = '3'</where>
		</update>	
	</changeSet>
	<changeSet author="jmiranda" id="1357253727991-5">
		<update tableName="category">
		    <column name="parent_category_id" value="ROOT"/>
		    <where>id = '4'</where>
		</update>	
	</changeSet>
	<changeSet author="jmiranda" id="1357253727991-6">
		<update tableName="category">
		    <column name="parent_category_id" value="ROOT"/>
		    <where>id = '5'</where>
		</update>	
	</changeSet>
	
	
</databaseChangeLog>
